,State,Abbreviation,Number,URL,Bill ID,Sponsors
0,Alaska,AK,HB27,https://legiscan.com/AK/bill/HB27/2023,1646385,['Thomas McKay']
1,Arizona,AZ,HB2312,https://legiscan.com/AZ/bill/HB2312/2023,1657170,"['Rachel Jones', 'Lupe Diaz', 'Liz Harris', 'Cory McGarr', 'Justine Wadsack']"
2,Arizona,AZ,HB2711,https://legiscan.com/AZ/bill/HB2711/2023,1696919,"['Alexander Kolodin', 'Joseph Chaplik']"
3,Arizona,AZ,SB1001,https://legiscan.com/AZ/bill/SB1001/2023,1639597,['John Kavanagh']
4,Arizona,AZ,SB1026,https://legiscan.com/AZ/bill/SB1026/2023,1644653,['John Kavanagh']
5,Arizona,AZ,SB1028,https://legiscan.com/AZ/bill/SB1028/2023,1645174,['Anthony Kern']
6,Arizona,AZ,SB1030,https://legiscan.com/AZ/bill/SB1030/2023,1644875,['Anthony Kern']
7,Arizona,AZ,SB1040,https://legiscan.com/AZ/bill/SB1040/2023,1654000,['John Kavanagh']
8,Arizona,AZ,SB1694,https://legiscan.com/AZ/bill/SB1694/2023,1686351,"['Jake Hoffman', 'Sonny Borrelli', 'Anthony Kern', 'Justine Wadsack', 'Justin Heap', 'Rachel Jones', 'Cory McGarr']"
9,Arizona,AZ,SB1698,https://legiscan.com/AZ/bill/SB1698/2023,1686310,"['Justine Wadsack', 'Rachel Jones', 'Cory McGarr']"
10,Arizona,AZ,SB1702,https://legiscan.com/AZ/bill/SB1702/2023,1686385,"['Justine Wadsack', 'Rachel Jones', 'Cory McGarr']"
11,Arkansas,AR,HB1156,https://legiscan.com/AR/bill/HB1156/2023,1662211,"['Mary Bentley', 'Dan Sullivan', 'Karilyn Brown', 'Cindy Crawford', 'DeAnna Hodges', 'Jack Ladyman', 'Wayne Long', 'Robin Lundstrum', 'Mindy McAlindon', 'Josh Miller', 'Ryan Rose', 'Dwight Tosh', 'Sonia Eubanks Barker']"
12,Arkansas,AR,SB125,https://legiscan.com/AR/bill/SB125/2023,1680399,"['Dan Sullivan', 'Rick Beck']"
13,Arkansas,AR,SB199,https://legiscan.com/AR/bill/SB199/2023,1696352,"['Gary Stubblefield', 'Mary Bentley']"
14,Arkansas,AR,SB270,https://legiscan.com/AR/bill/SB270/2023,1708046,"['John Payton', 'Cindy Crawford', 'Ben Gilmore', 'Missy Irvin', 'Blake Johnson', 'Mark Johnson', 'Matt Stone', 'David Wallace']"
15,Arkansas,AR,SB43,https://legiscan.com/AR/bill/SB43/2023,1646838,"['Gary Stubblefield', 'Mary Bentley', 'Sonia Eubanks Barker', 'Cameron Cooper', 'Cindy Crawford', 'Delia Haak', 'DeAnna Hodges', 'Jack Ladyman', 'Wayne Long', 'Robin Lundstrum', 'Mindy McAlindon', 'Scott Richardson', 'Ryan Rose', 'Johnny Rye', 'Dwight Tosh', 'Joshua Bryant', 'Blake Johnson', 'Kim Hammer', 'Terry Rice', 'Scott Flippo', 'Clint Penzo', 'Ben Gilmore', 'Matt Stone', 'Matt McKee', 'Alan Clark', 'Bart Hester', 'Tyler Dees', 'Dan Sullivan', 'Ronald Caldwell', 'Ricky Hill']"
16,Arkansas,AR,HB1468,https://legiscan.com/AR/bill/HB1468/2023,1715730,['Wayne Long']
17,Arkansas,AR,SB294,https://legiscan.com/AR/bill/SB294/2023,1715618,"['Breanne Davis', 'Keith Brooks', 'Matthew Shepherd', 'Austin Mccollum', 'Brit McKenzie', 'Aaron Pilkington', 'Stephen Meeks', 'Jeff Wardlaw', 'Jon Eubanks', 'Bruce Cozart', 'Richard Womack', 'Charlene Fite', 'Robin Lundstrum', 'Mary Bentley', 'Justin Gonzales', 'Rick Beck', 'Karilyn Brown', 'Marcus Richmond', 'Jack Fortner', 'Frances Cavenaugh', 'John Maddox', 'Sonia Eubanks Barker', 'Johnny Rye', 'Steve Hollowell', 'Danny Watson', 'Roger Lynch', 'Carlton Wing', 'Cindy Crawford', 'Lee Johnson', 'Cameron Cooper', 'Harlan Breaux', 'Brian Evans', 'Richard McGrew', 'David Ray', 'Howard Beaty', 'Rick McClure', 'Jon Milligan', 'Delia Haak', 'John Carr', 'Kendon Underwood', 'Tony Furman', 'Grant Hodges', 'Jeremiah Moore', 'Brandon Achor', 'Rebecca Burkes', 'RJ Hawk', 'Mindy McAlindon', 'Matt Brown', 'Ryan Rose', 'Chad Puryear', 'Zack Gramlich', 'Stetson Painter', 'Matt Duffield', 'Steve Unger', 'Scott Richardson', 'Wade Andrews', 'Bart Hester', 'Missy Irvin', 'Jonathan Dismang', 'Jane English', 'Gary Stubblefield', 'Scott Flippo', 'Blake Johnson', 'David Wallace', 'Ricky Hill', 'Mark Johnson', 'Kim Hammer', 'Dan Sullivan', 'Ben Gilmore', 'Matt McKee', 'Clint Penzo', 'Justin Boyd', 'Jim Petty', 'Joshua Bryant', 'Steve Crowell', 'Matt Stone', 'Tyler Dees', 'John Payton', 'Jim Dotson', 'Alan Clark']"
18,Colorado,CO,HB1092,https://legiscan.com/CO/bill/HB1092/2023,1671149,['Rod Bockenfeld']
19,Colorado,CO,HB1098,https://legiscan.com/CO/bill/HB1098/2023,1676599,"['Brandi Bradley', 'Lisa Frizell', 'Byron Pelton', 'Ryan Armagost', 'Anthony Hartsook', 'Ron Weinberg', 'Ty Winter']"
20,Connecticut,CT,HB06213,https://legiscan.com/CT/bill/HB06213/2023,1667079,['Douglas Dubitsky']
21,Connecticut,CT,HB06331,https://legiscan.com/CT/bill/HB06331/2023,1670808,['Joe Hoxha']
22,Connecticut,CT,SB00467,https://legiscan.com/CT/bill/SB00467/2023,1664197,['Robert Sampson']
23,Connecticut,CT,SB00468,https://legiscan.com/CT/bill/SB00468/2023,1664399,['Robert Sampson']
24,Connecticut,CT,SB00544,https://legiscan.com/CT/bill/SB00544/2023,1662809,['Robert Sampson']
25,Florida,FL,S0952,https://legiscan.com/FL/bill/S0952/2023,1714927,['Blaise Ingoglia']
26,Florida,FL,H0991,https://legiscan.com/FL/bill/H0991/2023,1716794,"['Alex Andrade', 'Mike Beltran']"
27,Florida,FL,H1069,https://legiscan.com/FL/bill/H1069/2023,1718444,['Stan McClain']
28,Georgia,GA,SB140,https://legiscan.com/GA/bill/SB140/2023,1702876,"['Carden Summers', 'Ben Watson', 'Kay Kirkpatrick', 'John Kennedy', 'Lee Anderson', 'Matt Brass', 'Jason Anavitarte', 'Billy Hickman', 'John Albers', 'Ed Setzler', 'Shawn Still', 'Brandon Beach', 'Russ Goodman', 'Sam Watson', 'Chuck Payne', 'Larry Walker', 'Blake Tillery', 'Brian Strickland', 'Marty Harbin', 'Ricky Williams', 'Clint Dixon', 'Colton Moore']"
29,Georgia,GA,SB141,https://legiscan.com/GA/bill/SB141/2023,1702869,"['Clint Dixon', 'Steve Gooch', 'Marty Harbin', 'Randy Robertson', 'Shawn Still', 'John Albers', 'Matt Brass', 'Greg Dolezal', 'Shelly Echols', 'Colton Moore', 'Lee Anderson', 'Max Burns', 'Ed Setzler', 'Sam Watson', 'Carden Summers']"
30,Georgia,GA,SB88,https://legiscan.com/GA/bill/SB88/2023,1694010,"['Carden Summers', 'Colton Moore', 'Brandon Beach', 'Clint Dixon', 'Randy Robertson', 'John Albers', 'Shawn Still', 'Lee Anderson', 'Matt Brass', 'Chuck Payne', 'Marty Harbin']"
31,Hawaii,HI,HB291,https://legiscan.com/HI/bill/HB291/2023,1671078,['David Alcos']
32,Hawaii,HI,HB508,https://legiscan.com/HI/bill/HB508/2023,1673977,['Diamond Garcia']
33,Hawaii,HI,HB509,https://legiscan.com/HI/bill/HB509/2023,1674028,['Diamond Garcia']
34,Hawaii,HI,HB891,https://legiscan.com/HI/bill/HB891/2023,1676530,['Diamond Garcia']
35,Hawaii,HI,SB1428,https://legiscan.com/HI/bill/SB1428/2023,1678920,['Brenton Awa']
36,Hawaii,HI,SB1429,https://legiscan.com/HI/bill/SB1429/2023,1678936,['Brenton Awa']
37,Idaho,ID,H0071,https://legiscan.com/ID/bill/H0071/2023,1692476,"['Judiciary, Rules and Administration Committee', 'Ben Adams', 'Brent Crane', 'Daniel Foreman', 'Kevin Andrus', 'Glenneda Zuiderveld', 'Jordan Redman', 'Tammy Nichols', 'Brandon Mitchell', 'Jeff Cornilles', 'Kenny Wroten', 'Lance Clow', 'Jaron Crane', 'Julianne Young', 'Joe Alfieri', 'Vito Barbieri', 'Heather Scott', 'Jacyn Gallagher', 'Mike Kingsley', 'Dale Hawkins', 'Charlie Shepherd', 'Elaine Price']"
38,Idaho,ID,S1003,https://legiscan.com/ID/bill/S1003/2023,1659883,['State Affairs Committee']
39,Idaho,ID,S1016,https://legiscan.com/ID/bill/S1016/2023,1673013,['State Affairs Committee']
40,Idaho,ID,S1100,https://legiscan.com/ID/bill/S1100/2023,1705651,['Education Committee']
41,Illinois,IL,HB1562,https://legiscan.com/IL/bill/HB1562/2023,1685650,['David Friess']
42,Illinois,IL,SB1659,https://legiscan.com/IL/bill/SB1659/2023,1699553,['Andrew Chesney']
43,Indiana,IN,HB1118,https://legiscan.com/IN/bill/HB1118/2023,1649543,"['Lorissa Sweet', 'Zach Payne']"
44,Indiana,IN,HB1220,https://legiscan.com/IN/bill/HB1220/2023,1650061,"['Michelle Davis', 'Dale DeVon', 'Jake Teshka', 'Christopher Judy']"
45,Indiana,IN,HB1231,https://legiscan.com/IN/bill/HB1231/2023,1650034,"['Ryan Lauer', 'John Prescott', 'David Abbott']"
46,Indiana,IN,HB1232,https://legiscan.com/IN/bill/HB1232/2023,1650067,"['Ryan Lauer', 'Michelle Davis']"
47,Indiana,IN,HB1346,https://legiscan.com/IN/bill/HB1346/2023,1660560,"['Jake Teshka', 'Joanna King', 'Martin Carbaugh', 'Timothy Wesco']"
48,Indiana,IN,HB1407,https://legiscan.com/IN/bill/HB1407/2023,1660515,"['Dale DeVon', 'Chris Jeter', 'Robert Heaton', 'Lindsay Patterson', 'Aaron Freeman', 'Stacey Donato', 'Jeff Raatz']"
49,Indiana,IN,HB1525,https://legiscan.com/IN/bill/HB1525/2023,1671371,['Bruce Borders']
50,Indiana,IN,HB1608,https://legiscan.com/IN/bill/HB1608/2023,1671425,"['Michelle Davis', 'Jake Teshka', 'Chris Jeter', 'Robert Heaton', 'Stacey Donato', 'Jeff Raatz', 'Gary Byrne']"
51,Indiana,IN,SB0354,https://legiscan.com/IN/bill/SB0354/2023,1655679,['Jeff Raatz']
52,Indiana,IN,SB0413,https://legiscan.com/IN/bill/SB0413/2023,1665406,"['Gary Byrne', 'Blake Doriot']"
53,Indiana,IN,SB0480,https://legiscan.com/IN/bill/SB0480/2023,1671449,"['Tyler Johnson', 'Ed Charbonneau', 'Gary Byrne', 'Stacey Donato', 'Blake Doriot', 'Mike Gaskill', 'James Buck', 'Aaron Freeman', 'Jeff Raatz', 'Andy Zay', 'Greg Walker', 'Mark Messmer', 'Jack Sandlin', 'Linda Rogers', 'James Tomes', 'Rick Niemeyer', 'Brian Buchanan', 'Scott Alexander', 'John Crane', 'Michael Young', 'Joanna King', 'Michelle Davis']"
54,Indiana,IN,SB0487,https://legiscan.com/IN/bill/SB0487/2023,1671534,['Stacey Donato']
55,Indiana,IN,HB1569,https://legiscan.com/IN/bill/HB1569/2023,1671533,"['Peggy Mayfield', 'Joanna King', 'Stacey Donato']"
56,Indiana,IN,HB1589,https://legiscan.com/IN/bill/HB1589/2023,1671517,['Julie McGuire']
57,Iowa,IA,HF180,https://legiscan.com/IA/bill/HF180/2023,1689864,['Education']
58,Iowa,IA,HF180,https://legiscan.com/IA/bill/HF180/2023,1689864,['Education']
59,Iowa,IA,HF2,https://legiscan.com/IA/bill/HF2/2023,1652323,"['Henry Stone', 'Steven Holt', 'Skyler Wheeler', 'Taylor Collins', 'Tom Moore', 'Thomas Jeneary', 'Mike Vondran', 'Dean Fisher', 'Joshua Meggers', 'Derek Wulf', 'Jeff Shipley', 'Steven Bradley', 'Cindy Golding', 'Martin Graber', 'Craig Johnson', 'Dave Deyoe', 'Norlin Mommsen', 'Brooke Boden', 'Bobby Kaufmann', 'Joel Fry', 'Eddie Andrews', 'Charley Thomson', 'Robert Henderson', 'Devon Wood', 'Heather Hora', 'Anne Osmundson', 'Matt Windschitl', 'Pat Grassley', 'Jacob Bossman', 'Thomas Gerhold']"
60,Iowa,IA,HF8,https://legiscan.com/IA/bill/HF8/2023,1652433,"['Skyler Wheeler', 'Steven Holt', 'Henry Stone', 'Norlin Mommsen', 'Taylor Collins', 'Dean Fisher', 'Bill Gustoff', 'Thomas Jeneary', 'Mike Vondran', 'Derek Wulf', 'Steven Bradley', 'Joshua Meggers', 'Barb Kniff McCulla', 'Cindy Golding', 'Dave Deyoe', 'Martin Graber', 'Phil Thompson', 'John Wills', 'Stan Gustafson', 'Craig Johnson', 'Brooke Boden', 'Austin Harris', 'Bobby Kaufmann', 'Joel Fry', 'Carter Nordman', 'David Young', 'Robert Henderson', 'Heather Hora', 'Devon Wood', 'Anne Osmundson', 'Matt Windschitl', 'Pat Grassley', 'Thomas Gerhold']"
61,Iowa,IA,SF110,https://legiscan.com/IA/bill/SF110/2023,1675505,"['Sandy Salmon', 'Lynn Evans', 'Kevin Alons', 'Jesse Green', 'Cherielynn Westrich', 'Jeff Taylor', 'Dennis Guth', 'Rocky De Witt', 'Dave Rowley']"
62,Iowa,IA,SF129,https://legiscan.com/IA/bill/SF129/2023,1679538,['Sandy Salmon']
63,Iowa,IA,SF159,https://legiscan.com/IA/bill/SF159/2023,1683643,['Sandy Salmon']
64,Iowa,IA,SF83,https://legiscan.com/IA/bill/SF83/2023,1662343,"['Jeff Taylor', 'Dennis Guth', 'Mark Lofgren', 'Julian Garrett', 'Cherielynn Westrich', 'Dave Rowley', 'Brad Zaun', 'Sandy Salmon', 'Ken Rozenboom', 'Jesse Green', 'Lynn Evans', 'Rocky De Witt', 'Kevin Alons', 'Annette Sweeney', 'Jeff Reichman', 'Chris Cournoyer']"
65,Iowa,IA,SF335,https://legiscan.com/IA/bill/SF335/2023,1715538,['Cherielynn Westrich']
66,Iowa,IA,SF348,https://legiscan.com/IA/bill/SF348/2023,1716093,['Sandy Salmon']
67,Iowa,IA,HF290,https://legiscan.com/IA/bill/HF290/2023,1706272,['Dean Fisher']
68,Iowa,IA,HF325,https://legiscan.com/IA/bill/HF325/2023,1709280,['Jeff Shipley']
69,Kansas,KS,HB2238,https://legiscan.com/KS/bill/HB2238/2023,1688145,['Education']
70,Kansas,KS,HB2404,https://legiscan.com/KS/bill/HB2404/2023,1703141,['Federal and State Affairs']
71,Kansas,KS,HB2427,https://legiscan.com/KS/bill/HB2427/2023,1710783,['Federal and State Affairs']
72,Kansas,KS,SB12,https://legiscan.com/KS/bill/SB12/2023,1644117,"['Mike Thompson', 'Mark Steffen']"
73,Kansas,KS,SB149,https://legiscan.com/KS/bill/SB149/2023,1693313,['Federal and State Affairs']
74,Kansas,KS,SB180,https://legiscan.com/KS/bill/SB180/2023,1698406,['Public Health and Welfare']
75,Kansas,KS,SB201,https://legiscan.com/KS/bill/SB201/2023,1698684,['Federal and State Affairs']
76,Kansas,KS,SB207,https://legiscan.com/KS/bill/SB207/2023,1700859,['Education']
77,Kansas,KS,SB224,https://legiscan.com/KS/bill/SB224/2023,1702612,['Federal and State Affairs']
78,Kansas,KS,SB233,https://legiscan.com/KS/bill/SB233/2023,1704027,['Federal and State Affairs']
79,Kansas,KS,SB255,https://legiscan.com/KS/bill/SB255/2023,1709030,['Federal and State Affairs']
80,Kansas,KS,HB2436,https://legiscan.com/KS/bill/HB2436/2023,1717961,['Appropriations']
81,Kentucky,KY,HB120,https://legiscan.com/KY/bill/HB120/2023,1644187,"['Savannah Maddox', 'Felicia Rabourn', 'Ryan Dotson']"
82,Kentucky,KY,HB173,https://legiscan.com/KY/bill/HB173/2023,1698754,"['Josh Calloway', 'Candy Massaroni', 'Shane Baker', 'Emily Callaway', 'Jennifer Henson Decker', 'Steven Doan', 'Ryan Dotson', 'Chris Fugate', 'David Hale', 'Mark Hart', 'John Hodgson', 'Thomas Huff', 'Matt Lockett', 'Marianne Proctor', 'Steve Rawlings', 'Nancy Tate', 'Walker Thomas', 'Billy Wesley', 'Susan Tyler Witten']"
83,Kentucky,KY,HB177,https://legiscan.com/KY/bill/HB177/2023,1698847,"['Shane Baker', 'Jennifer Henson Decker', 'Danny Bentley', 'Steve Bratcher', 'Randy Bridges', 'Emily Callaway', 'Josh Calloway', 'Steven Doan', 'Myron Dossett', 'Ryan Dotson', 'Daniel Fister', 'Patrick Flannery', 'Deanna Frazier Gordon', 'Chris Freeland', 'Chris Fugate', 'Jim Gooch', 'David Hale', 'Mark Hart', 'Richard Heath', 'John Hodgson', 'Thomas Huff', 'Mary Imes', 'DJ Johnson', 'Jacob Justice', 'Matt Lockett', 'Savannah Maddox', 'Candy Massaroni', 'Bobby McCool', 'Shawn McPherson', 'Amy Neighbors', 'Jason Petrie', 'Michael Pollock', 'Marianne Proctor', 'Felicia Rabourn', 'Steve Rawlings', 'Rebecca Raymer', 'William Reed', 'Scott Sharp', 'Tom Smith', 'Nancy Tate', 'Walker Thomas', 'James Tipton', 'Timmy Truett', 'Russell Webber', 'Billy Wesley', 'Richard White', 'Wade Williams', 'Susan Tyler Witten']"
84,Kentucky,KY,HB30,https://legiscan.com/KY/bill/HB30/2023,1642113,"['Billy Wesley', 'Shane Baker', 'Danny Bentley', 'Randy Bridges', 'Josh Calloway', 'Jennifer Henson Decker', 'Steven Doan', 'Ryan Dotson', 'Robert Duvall', 'Daniel Fister', 'Chris Freeland', 'Chris Fugate', 'Jim Gooch', 'David Hale', 'Richard Heath', 'John Hodgson', 'Thomas Huff', 'Kevin Jackson', 'DJ Johnson', 'Candy Massaroni', 'Bobby McCool', 'Shawn McPherson', 'Jason Petrie', 'Michael Pollock', 'Marianne Proctor', 'Steve Rawlings', 'William Reed', 'Scott Sharp', 'Tom Smith', 'Nancy Tate', 'Walker Thomas', 'James Tipton', 'Timmy Truett', 'Russell Webber', 'Richard White', 'Wade Williams']"
85,Kentucky,KY,HB58,https://legiscan.com/KY/bill/HB58/2023,1642138,"['Steve Rawlings', 'Josh Calloway', 'John Hodgson', 'Savannah Maddox', 'Marianne Proctor', 'Nancy Tate', 'Billy Wesley']"
86,Kentucky,KY,SB102,https://legiscan.com/KY/bill/SB102/2023,1700889,"['Lindsey Tichenor', 'Shelley Frommeyer', 'Gary Boswell', 'Rick Girdler', 'Robert Mills', 'Adrienne Southworth', 'Johnnie Turner', 'Gex Williams']"
87,Kentucky,KY,SB115,https://legiscan.com/KY/bill/SB115/2023,1703927,"['Lindsey Tichenor', 'Gex Williams', 'Gary Boswell', 'Adrienne Southworth', 'Phillip Wheeler', 'Mike Wilson']"
88,Kentucky,KY,SB150,https://legiscan.com/KY/bill/SB150/2023,1700608,"['George Wise', 'Gary Boswell', 'Danny Carroll', 'Shelley Frommeyer', 'Rick Girdler', 'Stephen Meredith', 'Robert Mills', 'John Schickel', 'Brandon Storm', 'Lindsey Tichenor', 'Phillip Wheeler', 'Gex Williams', 'Mike Wilson']"
89,Kentucky,KY,HB470,https://legiscan.com/KY/bill/HB470/2023,1717460,"['Jennifer Henson Decker', 'James Tipton', 'Shane Baker', 'Steve Bratcher', 'Randy Bridges', 'Emily Callaway', 'Josh Calloway', 'Ryan Dotson', 'Daniel Elliott', 'Daniel Fister', 'Patrick Flannery', 'Deanna Frazier Gordon', 'Chris Fugate', 'Jim Gooch', 'David Hale', 'Richard Heath', 'John Hodgson', 'Mary Imes', 'DJ Johnson', 'Kim King', 'Matt Lockett', 'Candy Massaroni', 'Bobby McCool', 'Shawn McPherson', 'Amy Neighbors', 'Jason Petrie', 'Marianne Proctor', 'Steve Rawlings', 'Rebecca Raymer', 'William Reed', 'Steven Rudy', 'Scott Sharp', 'Nancy Tate', 'Walker Thomas', 'Timmy Truett', 'Ken Upchurch', 'Russell Webber', 'Billy Wesley', 'Wade Williams']"
90,Kentucky,KY,HB585,https://legiscan.com/KY/bill/HB585/2023,1718825,['Billy Wesley']
91,Maryland,MD,HB359,https://legiscan.com/MD/bill/HB359/2023,1681678,"['Kathy Szeliga', 'Christopher Adams', 'Steven Arentz', 'Lauren Arikan', 'Terry Baker', 'Christopher Bouchat', 'Jason Buckel', 'Brian Chisholm', 'Barrie Ciliberti', 'Mark Fisher', 'Jeff Ghrist', 'Robin Grammer', 'Michael Griffith', 'Wayne Hartman', 'Jim Hinebaugh', 'Kevin Hornberger', 'Jay Jacobs', 'Nicholaus Kipke', 'Bob Long', 'Nino Mangione', 'Susan McComas', 'Ric Metzgar', 'April Fleming Miller', 'Matt Morgan', 'Todd Morgan', 'Ryan Nawrocki', 'Charles Otto', 'Teresa Reilly', 'April Rose', 'Stuart Schmidt', 'Chris Tomlinson', 'William Valentine', 'William Wivell']"
92,Minnesota,MN,HF1903,https://legiscan.com/MN/bill/HF1903/2023,1710675,['Walter Hudson']
93,Minnesota,MN,SF311,https://legiscan.com/MN/bill/SF311/2023,1659057,"['Glenn Gruenhagen', 'Steve Green', 'Eric Lucero']"
94,Minnesota,MN,SF933,https://legiscan.com/MN/bill/SF933/2023,1684998,"['Eric Lucero', 'Jeff Howe', 'Glenn Gruenhagen']"
95,Mississippi,MS,HB1074,https://legiscan.com/MS/bill/HB1074/2023,1668972,['Jill Ford']
96,Mississippi,MS,HB1099,https://legiscan.com/MS/bill/HB1099/2023,1669732,['Dana Criswell']
97,Mississippi,MS,HB1124,https://legiscan.com/MS/bill/HB1124/2023,1668884,['Jill Ford']
98,Mississippi,MS,HB1125,https://legiscan.com/MS/bill/HB1125/2023,1668851,"['Gene Newman', 'Philip Gunn', 'Dan Eubanks', 'Mark Tullos', 'Chris Brown', 'Brady Williamson', 'Steve Hopkins', 'William Arnold', 'Bill Kinkade', 'Jill Ford', 'Nick Bain', 'Randall Patterson']"
99,Mississippi,MS,HB1126,https://legiscan.com/MS/bill/HB1126/2023,1669143,['John Lamar']
100,Mississippi,MS,HB1127,https://legiscan.com/MS/bill/HB1127/2023,1668816,"['Becky Currie', 'William Arnold', 'Randy Boyd', 'Billy Calvert', 'Lester Carpenter', 'Sam Creekmore', 'Jerry Darnell', 'Kevin Ford', 'Jeff Hale', 'Jon Lancaster', 'Vince Mangold', 'Ken Morgan', 'Bill Pigott', 'Fred Shanks', 'Jerry Turner', 'Price Wallace', 'Brady Williamson']"
101,Mississippi,MS,HB1144,https://legiscan.com/MS/bill/HB1144/2023,1670368,['Stacey Hobgood-Wilkes']
102,Mississippi,MS,HB1258,https://legiscan.com/MS/bill/HB1258/2023,1672999,['Dan Eubanks']
103,Mississippi,MS,HB1476,https://legiscan.com/MS/bill/HB1476/2023,1682551,['Stacey Hobgood-Wilkes']
104,Mississippi,MS,HB1480,https://legiscan.com/MS/bill/HB1480/2023,1682988,['Fred Shanks']
105,Mississippi,MS,HB1489,https://legiscan.com/MS/bill/HB1489/2023,1682663,['Philip Gunn']
106,Mississippi,MS,HB456,https://legiscan.com/MS/bill/HB456/2023,1657158,"['Steve Massengill', 'Brady Williamson', 'Jon Lancaster']"
107,Mississippi,MS,HB509,https://legiscan.com/MS/bill/HB509/2023,1658471,['Jill Ford']
108,Mississippi,MS,HB576,https://legiscan.com/MS/bill/HB576/2023,1660114,"['Stacey Hobgood-Wilkes', 'Brady Williamson']"
109,Mississippi,MS,SB2076,https://legiscan.com/MS/bill/SB2076/2023,1649395,['Angela Burks Hill']
110,Mississippi,MS,SB2760,https://legiscan.com/MS/bill/SB2760/2023,1672562,"['Angela Burks Hill', 'Scott DeLano', 'Jeff Tate', 'Joseph Seymour', 'Neil Whaley', 'Kathy Chism', 'Charles Younger', 'Joey Fillingane', 'Chris Caughman', 'Philip Moran', 'Tyler McCaughn', 'Benjamin Suber', 'Jason Barrett', 'Jennifer Branning', 'Joel Carter', 'Michael McLendon', 'Bart Williams', 'Jeremy England', 'Lydia Chassaniol', 'Dennis DeBar', 'Mike Thompson', 'Walter Michel', 'Melanie Sojourner', 'Chris McDaniel', 'Kevin Blackwell']"
111,Mississippi,MS,SB2763,https://legiscan.com/MS/bill/SB2763/2023,1672706,['Angela Burks Hill']
112,Mississippi,MS,SB2764,https://legiscan.com/MS/bill/SB2764/2023,1673066,['Chris McDaniel']
113,Mississippi,MS,SB2765,https://legiscan.com/MS/bill/SB2765/2023,1672927,"['Angela Burks Hill', 'Joseph Seymour', 'Kathy Chism']"
114,Mississippi,MS,SB2770,https://legiscan.com/MS/bill/SB2770/2023,1673057,"['Jeff Tate', 'Angela Burks Hill']"
115,Mississippi,MS,SB2773,https://legiscan.com/MS/bill/SB2773/2023,1672862,"['Angela Burks Hill', 'Jennifer Branning']"
116,Mississippi,MS,SB2820,https://legiscan.com/MS/bill/SB2820/2023,1673713,['Angela Burks Hill']
117,Mississippi,MS,SB2861,https://legiscan.com/MS/bill/SB2861/2023,1673757,"['Melanie Sojourner', 'Kathy Chism', 'Chris McDaniel']"
118,Mississippi,MS,SB2864,https://legiscan.com/MS/bill/SB2864/2023,1673543,"['Melanie Sojourner', 'Kathy Chism', 'Chris McDaniel']"
119,Missouri,MO,HB137,https://legiscan.com/MO/bill/HB137/2023,1634716,['Brad Hudson']
120,Missouri,MO,HB170,https://legiscan.com/MO/bill/HB170/2023,1634841,['Brian Seitz']
121,Missouri,MO,HB183,https://legiscan.com/MO/bill/HB183/2023,1634572,['Jamie Burger']
122,Missouri,MO,HB192,https://legiscan.com/MO/bill/HB192/2023,1634595,['Ed Lewis']
123,Missouri,MO,HB337,https://legiscan.com/MO/bill/HB337/2023,1634768,['Bennie Cook']
124,Missouri,MO,HB419,https://legiscan.com/MO/bill/HB419/2023,1640339,['Brad Hudson']
125,Missouri,MO,HB463,https://legiscan.com/MO/bill/HB463/2023,1640281,['Mazzie Boyd']
126,Missouri,MO,HB498,https://legiscan.com/MO/bill/HB498/2023,1640345,['Mazzie Boyd']
127,Missouri,MO,HB540,https://legiscan.com/MO/bill/HB540/2023,1642575,['Justin Sparks']
128,Missouri,MO,HB634,https://legiscan.com/MO/bill/HB634/2023,1642886,['Ann Kelley']
129,Missouri,MO,HB916,https://legiscan.com/MO/bill/HB916/2023,1675866,['Cyndi Buchheit-Courtway']
130,Missouri,MO,SB134,https://legiscan.com/MO/bill/SB134/2023,1634983,['Mike Moon']
131,Missouri,MO,SB14,https://legiscan.com/MO/bill/SB14/2023,1635044,['Mike Cierpiot']
132,Missouri,MO,SB164,https://legiscan.com/MO/bill/SB164/2023,1635148,['Jill Carter']
133,Missouri,MO,SB165,https://legiscan.com/MO/bill/SB165/2023,1635152,['Jill Carter']
134,Missouri,MO,SB2,https://legiscan.com/MO/bill/SB2/2023,1635118,['Denny Hoskins']
135,Missouri,MO,SB236,https://legiscan.com/MO/bill/SB236/2023,1634951,['Denny Hoskins']
136,Missouri,MO,SB281,https://legiscan.com/MO/bill/SB281/2023,1635035,['William Eigel']
137,Missouri,MO,SB29,https://legiscan.com/MO/bill/SB29/2023,1635010,['Tony Luetkemeyer']
138,Missouri,MO,SB377,https://legiscan.com/MO/bill/SB377/2023,1640406,['Mary Coleman']
139,Missouri,MO,SB39,https://legiscan.com/MO/bill/SB39/2023,1635120,"['Holly Thompson Rehder', 'Mike Moon', 'Jill Carter', 'Ben Brown', 'Rick Brattin', 'Denny Hoskins']"
140,Missouri,MO,SB390,https://legiscan.com/MO/bill/SB390/2023,1640400,['Rick Brattin']
141,Missouri,MO,SB42,https://legiscan.com/MO/bill/SB42/2023,1634897,['Rick Brattin']
142,Missouri,MO,SB429,https://legiscan.com/MO/bill/SB429/2023,1642746,['Jill Carter']
143,Missouri,MO,SB430,https://legiscan.com/MO/bill/SB430/2023,1642725,['Jill Carter']
144,Missouri,MO,SB436,https://legiscan.com/MO/bill/SB436/2023,1642710,['Jill Carter']
145,Missouri,MO,SB48,https://legiscan.com/MO/bill/SB48/2023,1634938,['Mike Moon']
146,Missouri,MO,SB49,https://legiscan.com/MO/bill/SB49/2023,1635057,"['Mike Moon', 'William Eigel', 'Rick Brattin']"
147,Missouri,MO,SB497,https://legiscan.com/MO/bill/SB497/2023,1663442,['William Eigel']
148,Missouri,MO,SB598,https://legiscan.com/MO/bill/SB598/2023,1696931,['Rick Brattin']
149,Missouri,MO,SB87,https://legiscan.com/MO/bill/SB87/2023,1635076,['Ben Brown']
150,Missouri,MO,HB1157,https://legiscan.com/MO/bill/HB1157/2023,1706696,['Brad Hudson']
151,Missouri,MO,HB1258,https://legiscan.com/MO/bill/HB1258/2023,1719285,['Hardy Billington']
152,Montana,MT,HB234,https://legiscan.com/MT/bill/HB234/2023,1655847,['Bob Phalen']
153,Montana,MT,HB303,https://legiscan.com/MT/bill/HB303/2023,1674726,['Amy Regier']
154,Montana,MT,HB359,https://legiscan.com/MT/bill/HB359/2023,1685019,['Braxton Mitchell']
155,Montana,MT,HB361,https://legiscan.com/MT/bill/HB361/2023,1685027,['Brandon Ler']
156,Montana,MT,SB99,https://legiscan.com/MT/bill/SB99/2023,1641379,['John Fuller']
157,Montana,MT,SB413,https://legiscan.com/MT/bill/SB413/2023,1715495,['Carl Glimm']
158,Montana,MT,SB458,https://legiscan.com/MT/bill/SB458/2023,1717719,['Carl Glimm']
159,Nebraska,NE,LB371,https://legiscan.com/NE/bill/LB371/2023,1656195,['Dave Murman']
160,Nebraska,NE,LB574,https://legiscan.com/NE/bill/LB574/2023,1662540,['Kathleen Kauth']
161,Nebraska,NE,LB575,https://legiscan.com/NE/bill/LB575/2023,1662403,['Kathleen Kauth']
162,Nebraska,NE,LB743,https://legiscan.com/NE/bill/LB743/2023,1665462,['Kathleen Kauth']
163,Nebraska,NE,LB810,https://legiscan.com/NE/bill/LB810/2023,1665899,['Dave Murman']
164,New Hampshire,NH,HB396,https://legiscan.com/NH/bill/HB396/2023,1646387,"['Jim Kofalt', 'Alicia Lekas', 'Judy Aron', ""Katherine Prudhomme-O'Brien"", 'Shane Sirois', 'Mark Pearson', 'Jeanine Notter', 'Keith Ammon', 'Sheila Seidel', 'Debra DeSimone', 'Kevin Avard']"
165,New Hampshire,NH,HB619,https://legiscan.com/NH/bill/HB619/2023,1654313,"['Terry Roy', 'James Spillane', 'Nikki McCarter', 'Kevin Verville', 'Jeanine Notter', 'Sheila Seidel', 'Alicia Lekas', 'David Love']"
166,New Hampshire,NH,HB417,https://legiscan.com/NH/bill/HB417/2023,1647575,['Dave Testerman']
167,New Hampshire,NH,SB272,https://legiscan.com/NH/bill/SB272/2023,1713421,"['Sharon Carson', 'Kevin Avard', 'William Gannon', 'James Gray', 'Regina Birdsell', 'Jeb Bradley', 'Ruth Ward', 'Daniel Innis', 'Keith Murphy', 'Denise Ricciardi', 'Timothy Lang', 'Daryl Abbas', 'Carrie Gendreau', 'Howard Pearl']"
168,New Jersey,NJ,A1418,https://legiscan.com/NJ/bill/A1418/2022,1556738,"['Robert Auth', 'Erik Peterson', 'Gerard Scharfenberger', 'John Catalano', 'Gregory McGuckin', 'John DiMaio', 'Bethanne McCarthy Patrick', 'Christopher DePhillips']"
169,New Jersey,NJ,A1630,https://legiscan.com/NJ/bill/A1630/2022,1556249,"['Gregory McGuckin', 'John Catalano', 'Gerard Scharfenberger', 'Erik Peterson', 'Robert Auth', 'Bethanne McCarthy Patrick']"
170,New Jersey,NJ,A3883,https://legiscan.com/NJ/bill/A3883/2022,1618257,"['Sean Kean', 'Christopher DePhillips', 'Jay Webber', 'Edward Thomson']"
171,New Jersey,NJ,A4042,https://legiscan.com/NJ/bill/A4042/2022,1620334,['Erik Peterson']
172,New Jersey,NJ,S2648,https://legiscan.com/NJ/bill/S2648/2022,1620141,['Edward Durr']
173,New Jersey,NJ,S3076,https://legiscan.com/NJ/bill/S3076/2022,1629544,['Edward Durr']
174,New Jersey,NJ,S585,https://legiscan.com/NJ/bill/S585/2022,1556910,"['Michael Testa', 'Steven Oroho', 'Michael Doherty', 'Joseph Pennacchio', 'Edward Durr']"
175,New Jersey,NJ,S589,https://legiscan.com/NJ/bill/S589/2022,1555547,"['Michael Testa', 'James Holzapfel', 'Edward Durr', 'Steven Oroho']"
176,New Mexico,NM,HB394,https://legiscan.com/NM/bill/HB394/2023,1705756,"['John Block', 'Rodney Montoya', 'Mark Duncan']"
177,New Mexico,NM,HB490,https://legiscan.com/NM/bill/HB490/2023,1711574,"['John Block', 'Rodney Montoya', 'Harlan Vincent', 'Alan Martinez', 'James Townsend']"
178,New Mexico,NM,HB492,https://legiscan.com/NM/bill/HB492/2023,1711311,"['Rodney Montoya', 'John Block', 'Alan Martinez', 'Harlan Vincent', 'Mark Duncan']"
179,New Mexico,NM,HM57,https://legiscan.com/NM/bill/HM57/2023,1714178,"['Cathrynn Brown', 'Jenifer Jones', 'Harlan Vincent', 'Andrea Reeb', 'Rodney Montoya']"
180,North Carolina,NC,H43,https://legiscan.com/NC/bill/H43/2023,1690331,"['George Cleveland', 'Keith Kidwell', 'Bill Ward', 'Steve Tyson', 'James Adams', 'Celeste Cairns', 'Mike Clampitt', 'Kevin Crutchfield', 'Ken Fontenot', 'Jake Johnson', 'Donnie Loftis', 'Jeffrey McNeely', 'Ben Moss', 'Joe Pike', 'Carson Smith', 'Frank Sossamon', 'David Willis']"
181,North Carolina,NC,S49,https://legiscan.com/NC/bill/S49/2023,1688121,"['Amy Galey', 'Michael Lee', 'Lisa Barnes', 'Ted Alexander', 'Kevin Corbin', 'Warren Daniel', 'Carl Ford', 'Bobby Hanig', 'Ralph Hise', 'Steve Jarvis', 'Todd Johnson', 'Joyce Krawiec', 'Michael Lazzara', 'Thomas McInnis', 'Timothy Moffitt', 'Buck Newton', 'Paul Newton', 'Brad Overcash', 'Jim Perry', 'Norman Sanderson', 'Benton Sawrey', 'Vickie Sawyer', 'Eddie Settle']"
182,North Dakota,ND,HB1139,https://legiscan.com/ND/bill/HB1139/2023,1644388,"['Bernie Satrom', 'SuAnn Olson', 'Austen Schauer', 'Michelle Strinden', 'David Clemens', 'Cole Conley', 'David Rust']"
183,North Dakota,ND,HB1205,https://legiscan.com/ND/bill/HB1205/2023,1649131,"['Mike Lefor', 'Vicky Steiner']"
184,North Dakota,ND,HB1249,https://legiscan.com/ND/bill/HB1249/2023,1650901,"['Kim Koppelman', 'Claire Cory', 'James Kasper', 'Scott Louser', 'Lisa Meier', 'Anna Novak', 'Lori VanWinkle', 'Keith Boehm', 'Judy Estenson', 'Diane Larson', 'Janne Myrdal', 'Bob Paulson']"
185,North Dakota,ND,HB1254,https://legiscan.com/ND/bill/HB1254/2023,1651568,"['Bill Tveit', 'Dick Anderson', 'Larry Bellew', 'Brandon Prichard', 'Karen Rohr', 'Lori VanWinkle', 'Keith Boehm', 'David Clemens', 'Judy Estenson', 'Larry Luick', 'Janne Myrdal', 'Shawn Vedaa']"
186,North Dakota,ND,HB1297,https://legiscan.com/ND/bill/HB1297/2023,1655021,"['James Kasper', 'Kim Koppelman', 'Brandon Prichard', 'Karen Rohr', 'Dan Ruby', 'Matthew Ruby', 'Vicky Steiner', 'Lori VanWinkle', 'Keith Boehm', 'David Clemens', 'Janne Myrdal']"
187,North Dakota,ND,HB1301,https://legiscan.com/ND/bill/HB1301/2023,1655211,"['Brandon Prichard', 'Scott Dyk', 'Matthew Ruby', 'Bill Tveit', 'Lori VanWinkle', 'Keith Boehm', 'Mike Dwyer', 'Bob Paulson', 'Shawn Vedaa']"
188,North Dakota,ND,HB1332,https://legiscan.com/ND/bill/HB1332/2023,1655053,"['Brandon Prichard', 'Andrew Marschall', 'Karen Rohr', 'Dan Ruby', 'Matthew Ruby', 'Vicky Steiner', 'Nathan Toman', 'Jeffery Magrum']"
189,North Dakota,ND,HB1473,https://legiscan.com/ND/bill/HB1473/2023,1667233,"['SuAnn Olson', 'Larry Bellew', 'Donna Henderson', 'Jeff Hoverson', 'Brandon Prichard', 'Vicky Steiner', 'Lori VanWinkle', 'Bob Paulson']"
190,North Dakota,ND,HB1474,https://legiscan.com/ND/bill/HB1474/2023,1667317,"['SuAnn Olson', 'Dick Anderson', 'Cole Christensen', 'James Kasper', 'Kim Koppelman', 'Brandon Prichard', 'Vicky Steiner', 'Keith Boehm']"
191,North Dakota,ND,HB1489,https://legiscan.com/ND/bill/HB1489/2023,1666321,"['Kim Koppelman', 'Scott Louser', 'Lisa Meier', 'Anna Novak', 'SuAnn Olson', 'Vicky Steiner', 'Lori VanWinkle', 'Judy Estenson', 'Janne Myrdal', 'Bob Paulson', 'Mike Wobbema']"
192,North Dakota,ND,HB1522,https://legiscan.com/ND/bill/HB1522/2023,1667150,"['Scott Dyk', 'Cole Christensen', 'Kelby Timmons', 'Lori VanWinkle', 'Todd Beard', 'Kent Weston']"
193,North Dakota,ND,HB1526,https://legiscan.com/ND/bill/HB1526/2023,1666310,"['Scott Dyk', 'Jeff Hoverson', 'Brandon Prichard', 'Nico Rios', 'Kelby Timmons', 'Todd Beard']"
194,North Dakota,ND,HCR3010,https://legiscan.com/ND/bill/HCR3010/2023,1683622,"['SuAnn Olson', 'Karen Anderson', 'Donna Henderson', 'Lisa Meier', 'Anna Novak', 'Karen Rohr', 'Vicky Steiner', 'Lori VanWinkle']"
195,North Dakota,ND,SB2199,https://legiscan.com/ND/bill/SB2199/2023,1650518,"['David Clemens', 'Shawn Vedaa', 'Kent Weston', 'Karen Anderson', 'Austen Schauer', 'Bill Tveit']"
196,North Dakota,ND,SB2199,https://legiscan.com/ND/bill/SB2199/2023,1650518,"['David Clemens', 'Shawn Vedaa', 'Kent Weston', 'Karen Anderson', 'Austen Schauer', 'Bill Tveit']"
197,North Dakota,ND,SB2231,https://legiscan.com/ND/bill/SB2231/2023,1656291,"['Larry Luick', 'Scott Meyer', 'Claire Cory', 'Karen Karls']"
198,Oklahoma,OK,HB1011,https://legiscan.com/OK/bill/HB1011/2023,1634447,"['Jim Olsen', ""Terry O'Donnell""]"
199,Oklahoma,OK,HB1377,https://legiscan.com/OK/bill/HB1377/2023,1663548,['Tom Gann']
200,Oklahoma,OK,HB1466,https://legiscan.com/OK/bill/HB1466/2023,1665918,['Chris Sneed']
201,Oklahoma,OK,HB1781,https://legiscan.com/OK/bill/HB1781/2023,1667200,['Danny Williams']
202,Oklahoma,OK,HB1947,https://legiscan.com/OK/bill/HB1947/2023,1668711,"['Charles McCall', 'Brad Boles', 'Dean Davis']"
203,Oklahoma,OK,HB2177,https://legiscan.com/OK/bill/HB2177/2023,1668929,"['Kevin West', 'Jim Olsen', 'Tom Gann', 'Sherrie Conley', 'Denise Hader', 'Cody Maynard', 'Shane Jett']"
204,Oklahoma,OK,HB2186,https://legiscan.com/OK/bill/HB2186/2023,1669355,"['Kevin West', 'Kevin McDugle', 'Tom Gann', 'Shane Jett']"
205,Oklahoma,OK,HB2340,https://legiscan.com/OK/bill/HB2340/2023,1670840,['Mark Lepak']
206,Oklahoma,OK,HB2546,https://legiscan.com/OK/bill/HB2546/2023,1670293,"[""Terry O'Donnell"", 'Mark Lepak', 'Mark McBride', 'Julie Daniels']"
207,Oklahoma,OK,HB2736,https://legiscan.com/OK/bill/HB2736/2023,1671157,['Collin Duel']
208,Oklahoma,OK,SB1004,https://legiscan.com/OK/bill/SB1004/2023,1669667,['Shane Jett']
209,Oklahoma,OK,SB1007,https://legiscan.com/OK/bill/SB1007/2023,1668811,['Shane Jett']
210,Oklahoma,OK,SB1017,https://legiscan.com/OK/bill/SB1017/2023,1670149,['Shane Jett']
211,Oklahoma,OK,SB129,https://legiscan.com/OK/bill/SB129/2023,1643087,"['David Bullard', 'George Burns', 'Warren Hamilton', 'Shane Jett', 'Blake Stephens', 'Tom Woods']"
212,Oklahoma,OK,SB131,https://legiscan.com/OK/bill/SB131/2023,1642970,"['Cody Rogers', 'Casey Murdock', 'George Burns', 'Warren Hamilton']"
213,Oklahoma,OK,SB250,https://legiscan.com/OK/bill/SB250/2023,1650616,"['Nathan Dahm', 'George Burns']"
214,Oklahoma,OK,SB251,https://legiscan.com/OK/bill/SB251/2023,1651148,"['Nathan Dahm', 'George Burns']"
215,Oklahoma,OK,SB252,https://legiscan.com/OK/bill/SB252/2023,1650695,"['Nathan Dahm', 'George Burns']"
216,Oklahoma,OK,SB30,https://legiscan.com/OK/bill/SB30/2023,1638456,"['Cody Rogers', 'Casey Murdock', 'George Burns', 'Warren Hamilton']"
217,Oklahoma,OK,SB345,https://legiscan.com/OK/bill/SB345/2023,1659340,['Warren Hamilton']
218,Oklahoma,OK,SB408,https://legiscan.com/OK/bill/SB408/2023,1659858,"['Jessica Garvin', 'Micheal Bergstrom', 'Julie Daniels', 'Warren Hamilton', 'Cody Rogers', 'Ally Seifried']"
219,Oklahoma,OK,SB613,https://legiscan.com/OK/bill/SB613/2023,1664606,"['Julie Daniels', 'Nathan Dahm', 'Micheal Bergstrom', 'David Bullard', 'George Burns', 'Warren Hamilton', 'Shane Jett', 'Cody Rogers', 'Blake Stephens', 'Tom Woods', 'Rob Standridge', 'David Hardin']"
220,Oklahoma,OK,SB614,https://legiscan.com/OK/bill/SB614/2023,1664703,['Julie Daniels']
221,Oklahoma,OK,SB786,https://legiscan.com/OK/bill/SB786/2023,1667753,['Rob Standridge']
222,Oklahoma,OK,SB787,https://legiscan.com/OK/bill/SB787/2023,1667775,['Rob Standridge']
223,Oklahoma,OK,SB788,https://legiscan.com/OK/bill/SB788/2023,1667591,['Rob Standridge']
224,Oklahoma,OK,SB789,https://legiscan.com/OK/bill/SB789/2023,1667553,['Rob Standridge']
225,Oklahoma,OK,SB866,https://legiscan.com/OK/bill/SB866/2023,1668562,"['David Bullard', 'Micheal Bergstrom']"
226,Oklahoma,OK,SB878,https://legiscan.com/OK/bill/SB878/2023,1668356,['Shane Jett']
227,Oklahoma,OK,SB887,https://legiscan.com/OK/bill/SB887/2023,1668512,['Shane Jett']
228,Oklahoma,OK,SB932,https://legiscan.com/OK/bill/SB932/2023,1668212,['Shane Jett']
229,Oklahoma,OK,SB937,https://legiscan.com/OK/bill/SB937/2023,1669660,['Shane Jett']
230,Oklahoma,OK,SB973,https://legiscan.com/OK/bill/SB973/2023,1669174,['Shane Jett']
231,Oklahoma,OK,HB1449,https://legiscan.com/OK/bill/HB1449/2023,1665893,"['Toni Hasenbeck', 'Sherrie Conley', 'Marilyn Stark', 'Denise Hader', 'Tammy Townley']"
232,Oregon,OR,HB2044,https://legiscan.com/OR/bill/HB2044/2023,1648187,[]
233,Oregon,OR,HB2186,https://legiscan.com/OR/bill/HB2186/2023,1646803,"['David Smith', 'Boomer Wright', 'Emily McIntire', 'Ed  Diehl', 'Christine Goodwin']"
234,Oregon,OR,HB2477,https://legiscan.com/OR/bill/HB2477/2023,1646714,"['Kimberly Wallan', 'Tracy Cramer', 'Ed  Diehl', 'Christine Goodwin']"
235,Oregon,OR,HB3137,https://legiscan.com/OR/bill/HB3137/2023,1676571,"['Ed  Diehl', 'James Hieb', 'Cyrus Javadi', 'Christine Goodwin']"
236,Oregon,OR,SB452,https://legiscan.com/OR/bill/SB452/2023,1647733,"['Bill Hansell', 'Lynn Findley']"
237,Oregon,OR,SB453,https://legiscan.com/OR/bill/SB453/2023,1647416,"['Bill Hansell', 'Lynn Findley']"
238,Oregon,OR,SB749,https://legiscan.com/OR/bill/SB749/2023,1660360,['David Smith']
239,Oregon,OR,SB897,https://legiscan.com/OR/bill/SB897/2023,1704562,"['David Smith', 'Lynn Findley', 'Dennis Linthicum', 'Art Robinson', 'Kim Thatcher', 'Shelly Boshart Davis', 'Jami Cate', 'Christine Goodwin', 'James Hieb', 'Bobby Levy', 'Rick Lewis', 'Kevin Mannix', 'Lily Morgan', 'Virgle Osborne', 'Werner Reschke', 'Anna Scharf', 'Boomer Wright']"
240,Rhode Island,RI,S0391,https://legiscan.com/RI/bill/S0391/2023,1713128,['Elaine Morgan']
241,South Carolina,SC,H3197,https://legiscan.com/SC/bill/H3197/2023,1637534,"['James Burns', 'John Mccravy', 'Matthew Leber', 'William Chumley', 'Bill Taylor', 'Jordan Pace', 'Jay Kilmartin', 'Patrick Haddon', 'Thomas Beach', 'Rob Harris', 'Tom Hartnett', 'Roy Magnuson', 'Roger Nutt', 'Stewart Jones', 'Marvin Smith', 'Sylleste Davis', 'Brandon Cox', 'Melissa Oremus', 'Christopher Murphy', 'Gil Gatch', 'Robby Robbins', 'Gary Brewer', 'Doug Gilliam', 'Joseph Bustos', 'Kathy Landing', 'David Vaughan']"
242,South Carolina,SC,H3485,https://legiscan.com/SC/bill/H3485/2023,1637470,"['Roy Magnuson', 'Robert May', 'Adam Morgan', 'James Burns', 'William Chumley', 'Bobby Cox', 'April Cromer', 'Patrick Haddon', 'Stewart Jones', 'Jay Kilmartin', 'Steven Long', 'Donald McCabe', 'Alan Morgan', ""David O'Neal"", 'Melissa Oremus', 'Jordan Pace', 'Ashley Trantham', 'Joe White', 'Marvin Smith', 'Mark Willis', 'John Mccravy', 'Travis Moore', 'Roger Nutt', 'Anne Thayer', 'Richard Yow', 'Doug Gilliam', 'Thomas Pope', 'Matthew Leber', 'Brian Lawson', 'Rob Harris', 'Thomas Beach', 'Randy Ligon', 'Brandon Guffey', 'William Hixon', 'Brandon Newton', 'Cally Forrest']"
243,South Carolina,SC,H3551,https://legiscan.com/SC/bill/H3551/2023,1638795,"['Stewart Jones', 'Adam Morgan', 'Doug Gilliam', 'Melissa Oremus', 'Ashley Trantham', 'April Cromer', 'Alan Morgan', 'John Mccravy', 'Bobby Cox', 'Steven Long', 'Roy Magnuson', 'James Burns', 'William Chumley', 'Robert May', 'Donald McCabe', 'Jay Kilmartin', 'Jordan Pace', ""David O'Neal"", 'Thomas Beach', 'Joe White', 'Patrick Haddon', 'David Vaughan', 'Anne Thayer', 'Mark Willis', 'Marvin Smith', 'Matthew Leber', 'Daniel Gibson', 'Rob Harris', 'Brian Lawson', 'Christopher Wooten', 'Roger Nutt', 'Sylleste Davis', 'Kathy Landing', 'Heather Crawford', 'Val Guest']"
244,South Carolina,SC,H3551,https://legiscan.com/SC/bill/H3551/2023,1638795,"['Stewart Jones', 'Adam Morgan', 'Doug Gilliam', 'Melissa Oremus', 'Ashley Trantham', 'April Cromer', 'Alan Morgan', 'John Mccravy', 'Bobby Cox', 'Steven Long', 'Roy Magnuson', 'James Burns', 'William Chumley', 'Robert May', 'Donald McCabe', 'Jay Kilmartin', 'Jordan Pace', ""David O'Neal"", 'Thomas Beach', 'Joe White', 'Patrick Haddon', 'David Vaughan', 'Anne Thayer', 'Mark Willis', 'Marvin Smith', 'Matthew Leber', 'Daniel Gibson', 'Rob Harris', 'Brian Lawson', 'Christopher Wooten', 'Roger Nutt', 'Sylleste Davis', 'Kathy Landing', 'Heather Crawford', 'Val Guest']"
245,South Carolina,SC,H3564,https://legiscan.com/SC/bill/H3564/2023,1638885,"['Doug Gilliam', 'James Burns']"
246,South Carolina,SC,H3565,https://legiscan.com/SC/bill/H3565/2023,1638936,"['Doug Gilliam', 'James Burns', 'Jordan Pace']"
247,South Carolina,SC,H3611,https://legiscan.com/SC/bill/H3611/2023,1654472,['Thomas Beach']
248,South Carolina,SC,H3616,https://legiscan.com/SC/bill/H3616/2023,1654119,"['Thomas Beach', 'Matthew Leber', 'April Cromer', ""David O'Neal"", 'Jordan Pace', 'Rob Harris', 'Stewart Jones', 'Roy Magnuson']"
249,South Carolina,SC,H3730,https://legiscan.com/SC/bill/H3730/2023,1665859,"['Thomas Beach', 'Stewart Jones']"
250,South Carolina,SC,H3827,https://legiscan.com/SC/bill/H3827/2023,1682099,"['Marvin Smith', 'James Burns', 'Sylleste Davis']"
251,South Carolina,SC,S0234,https://legiscan.com/SC/bill/S0234/2023,1635629,"['Dwight Loftis', 'Brian Adams', 'Lawrence Grooms', 'Sean Bennett', 'Rex Rice', 'Joshua Kimbrell', 'Thomas Davis']"
252,South Carolina,SC,S0243,https://legiscan.com/SC/bill/S0243/2023,1635919,"['Joshua Kimbrell', 'Brian Adams']"
253,South Carolina,SC,S0274,https://legiscan.com/SC/bill/S0274/2023,1637125,['Danny Verdin']
254,South Carolina,SC,S0276,https://legiscan.com/SC/bill/S0276/2023,1637159,['Danny Verdin']
255,South Carolina,SC,S0332,https://legiscan.com/SC/bill/S0332/2023,1650765,['Michael Gambrell']
256,South Carolina,SC,S0364,https://legiscan.com/SC/bill/S0364/2023,1650877,['Danny Verdin']
257,South Carolina,SC,S0424,https://legiscan.com/SC/bill/S0424/2023,1668734,"['Brian Adams', 'Rex Rice', 'Lawrence Grooms', 'Thomas Davis']"
258,South Carolina,SC,H3728,https://legiscan.com/SC/bill/H3728/2023,1665907,"['Raye Felder', 'Adam Morgan', 'Matthew Leber', 'Roy Magnuson', 'Patrick Haddon', 'Rob Harris', 'Bill Taylor', 'Stewart Jones', 'Kathy Landing', 'John Mccravy', 'Phillip Lowe', 'Wallace Jordan', 'Jeffrey Bradley', 'William Herbkersman', 'Bruce Bannister', 'Weston Newton', 'Jason Elliott', 'Bobby Cox', 'Mark Willis', 'William Hewitt', 'John West', 'Steven Long', 'James Burns', 'Alan Morgan']"
259,South Dakota,SD,HB1080,https://legiscan.com/SD/bill/HB1080/2023,1660616,"['Al Novstrup', 'Bethany Soye', 'Julie Auch', 'Aaron Aylward', 'Jessica Bahmuller', 'Jim Bolin', 'Byron Callies', 'Fred Deutsch', 'Julie Frye-Mueller', 'Randy Gross', 'Jon Hansen', 'Brent Hoffman', 'Kevin Jensen', 'Phil Jensen', 'Chris Karr', 'Ben Krohmer', 'David Kull', 'Trish Ladner', 'Karla Lems', 'Elizabeth May', 'John Mills', 'Scott Moore', 'Tina Mulally', 'Scott Odenbach', 'Ernie Otten', 'Marty Overweg', 'Carl Perry', 'Sue Lucas-Peterson', 'Neal Pinnow', 'Tom Pischke', 'Tony Randolph', 'Rebecca Reimer', 'Brandei Schaefbauer', 'John Sjaarda', 'Jim Stalzer', 'John Wiik', 'Larry Zikmund']"
260,South Dakota,SD,HB1116,https://legiscan.com/SD/bill/HB1116/2023,1677342,"['Chris Karr', 'Al Novstrup', 'Julie Auch', 'Aaron Aylward', 'Fred Deutsch', 'Julie Frye-Mueller', 'Randy Gross', 'Jon Hansen', 'Brent Hoffman', 'Kevin Jensen', 'Phil Jensen', 'Ben Krohmer', 'Karla Lems', 'Elizabeth May', 'Jim Mehlhaff', 'John Mills', 'Scott Moore', 'Tina Mulally', 'Brian Mulder', 'Scott Odenbach', 'Marty Overweg', 'Carl Perry', 'Tom Pischke', 'Tony Randolph', 'Brandei Schaefbauer', 'William Shorma', 'John Sjaarda', 'Bethany Soye']"
261,South Dakota,SD,HB1125,https://legiscan.com/SD/bill/HB1125/2023,1677723,"['Scott Odenbach', 'Tom Pischke', 'Julie Auch', 'Aaron Aylward', 'Arch Beal', 'Fred Deutsch', 'Julie Frye-Mueller', 'Randy Gross', 'Jon Hansen', 'Brent Hoffman', 'Kevin Jensen', 'Phil Jensen', 'Chris Karr', 'Ben Krohmer', 'Karla Lems', 'Elizabeth May', 'Jim Mehlhaff', 'John Mills', 'Scott Moore', 'Tina Mulally', 'Marty Overweg', 'Carl Perry', 'Tony Randolph', 'John Sjaarda', 'Bethany Soye', 'Jim Stalzer']"
262,South Dakota,SD,HB1208,https://legiscan.com/SD/bill/HB1208/2023,1689363,"['Aaron Aylward', 'Tom Pischke', 'Julie Frye-Mueller', 'Phil Jensen', 'Elizabeth May', 'Carl Perry', 'John Sjaarda']"
263,South Dakota,SD,HCR6008,https://legiscan.com/SD/bill/HCR6008/2023,1672467,"['Phil Jensen', 'Julie Frye-Mueller', 'Carl Perry', 'Tom Pischke']"
264,Tennessee,TN,HB0001,https://legiscan.com/TN/bill/HB0001/2023,1631977,"['William Lamberth', 'Cameron Sexton', 'Jeremy Faison', 'Johnny Garrett', 'John Ragan', 'Jason Zachary', 'Chris Todd', 'Sabi Kumar', 'Iris Rudder', 'Kelly Keisling', 'Rusty Grills', 'Mark White', 'Tim Rudd', 'Jake McCalmon', 'Paul Sherrell', 'Kip Capley', 'Todd Warner', 'Bryan Richey', 'Kevin Raper', 'Mary Littleton', 'Esther Helton-Haynes', 'Mark Cochran', 'Monty Fritts', 'Tim Hicks', 'Greg Vital', 'Ed Butler', 'Rebecca Alexander', 'Kirk Haston', 'Tandy Darby', 'Jerome Moon', 'John Crawford', 'Clay Doggett', 'Scott Cepicky', 'Brock Martin', 'Bud Hulsey', 'William Slater', 'Michael Hale', 'David Hawk', 'Rush Bricken', 'Ryan Williams', 'Gino Bulso', 'Elaine Davis', 'Michele Carringer', 'Pat Marsh', 'Dan Howell', 'Susan Lynn', 'Mike Sparks', 'Ron Gant', 'Tom Leatherwood', 'Rick Eldridge', 'John Holsclaw', 'Jay Reedy', 'Scotty Campbell', 'Charlie Baum', 'Debra Moody', 'Clark Boyd', 'Dennis Powers']"
265,Tennessee,TN,HB0009,https://legiscan.com/TN/bill/HB0009/2023,1637133,"['Chris Todd', 'Bryan Richey', 'Jake McCalmon', 'Scott Cepicky', 'Jerome Moon', 'Jody Barrett', 'Gino Bulso', 'Kevin Raper', 'Dan Howell', 'David Hawk', 'Greg Vital', 'Debra Moody', 'Elaine Davis', 'Paul Sherrell', 'Ron Gant', 'Monty Fritts', 'Susan Lynn', 'Mike Sparks', 'Ed Butler', 'William Slater', 'Kelly Keisling', 'Tom Leatherwood', 'Jay Reedy', 'Kirk Haston', 'Todd Warner', 'Scotty Campbell', 'Jason Zachary', 'Kip Capley', 'Ryan Williams', 'John Ragan', 'Rusty Grills', 'Mark Cochran', 'Dennis Powers', 'Rick Eldridge', 'Charlie Baum']"
266,Tennessee,TN,HB0239,https://legiscan.com/TN/bill/HB0239/2023,1661869,"['Gino Bulso', 'William Lamberth', 'Andrew Farmer', 'Kip Capley', 'Rusty Grills', 'Jody Barrett', 'Sabi Kumar']"
267,Tennessee,TN,HB0306,https://legiscan.com/TN/bill/HB0306/2023,1669292,['Gino Bulso']
268,Tennessee,TN,HB0571,https://legiscan.com/TN/bill/HB0571/2023,1681124,"['Michele Carringer', 'Elaine Davis', 'Justin Lafferty', 'Rusty Grills', 'Jody Barrett', 'Rick Eldridge', 'Chris Hurt', 'Kip Capley', 'Mike Sparks', 'Jay Reedy', 'Lowell Russell', 'Clark Boyd', 'Tim Rudd']"
269,Tennessee,TN,HB0878,https://legiscan.com/TN/bill/HB0878/2023,1686636,"['Monty Fritts', 'Kip Capley', 'Gino Bulso', 'Chris Todd']"
270,Tennessee,TN,HB1215,https://legiscan.com/TN/bill/HB1215/2023,1688331,"['Cameron Sexton', 'Scott Cepicky', 'Tim Rudd']"
271,Tennessee,TN,HB1269,https://legiscan.com/TN/bill/HB1269/2023,1688211,"['Mark Cochran', 'Jeremy Faison', 'William Lamberth']"
272,Tennessee,TN,HB1339,https://legiscan.com/TN/bill/HB1339/2023,1688082,['Justin Pearson']
273,Tennessee,TN,HB1378,https://legiscan.com/TN/bill/HB1378/2023,1688001,"['John Ragan', 'Monty Fritts']"
274,Tennessee,TN,HB1414,https://legiscan.com/TN/bill/HB1414/2023,1688214,['Chris Todd']
275,Tennessee,TN,SB0001,https://legiscan.com/TN/bill/SB0001/2023,1631978,"['Jack Johnson', 'Ken Yager', 'Ferrell Haile', 'Janince Bowling', 'Dawn White', 'Rusty Crowe', 'Paul Bailey', 'Joseph Hensley', 'Edward Jackson', 'Shane Reeves', 'John Stevens', 'Paul Rose', 'Brent Taylor']"
276,Tennessee,TN,SB0003,https://legiscan.com/TN/bill/SB0003/2023,1631974,"['Jack Johnson', 'Rusty Crowe', 'Janince Bowling', 'Ferrell Haile', 'Joseph Hensley', 'Ken Yager', 'Paul Bailey', 'Edward Jackson', 'John Stevens', 'Frank Niceley', 'Shane Reeves', 'Brent Taylor', 'Mark Pody', 'Paul Rose', 'Bo Watson', 'Kerry Roberts']"
277,Tennessee,TN,SB0005,https://legiscan.com/TN/bill/SB0005/2023,1633360,['Janince Bowling']
278,Tennessee,TN,SB0466,https://legiscan.com/TN/bill/SB0466/2023,1679613,"['Paul Rose', 'Ferrell Haile']"
279,Tennessee,TN,SB0596,https://legiscan.com/TN/bill/SB0596/2023,1681989,['Mark Pody']
280,Tennessee,TN,SB0603,https://legiscan.com/TN/bill/SB0603/2023,1680965,['Joseph Hensley']
281,Tennessee,TN,SB0620,https://legiscan.com/TN/bill/SB0620/2023,1682053,['Mark Pody']
282,Tennessee,TN,SB1237,https://legiscan.com/TN/bill/SB1237/2023,1688754,['Joseph Hensley']
283,Tennessee,TN,SB1440,https://legiscan.com/TN/bill/SB1440/2023,1690945,['Kerry Roberts']
284,Texas,TX,HB1029,https://legiscan.com/TX/bill/HB1029/2023,1639196,['Brian Harrison']
285,Texas,TX,HB1155,https://legiscan.com/TX/bill/HB1155/2023,1641417,['Jared Patterson']
286,Texas,TX,HB122,https://legiscan.com/TX/bill/HB122/2023,1632554,['Steve Toth']
287,Texas,TX,HB1266,https://legiscan.com/TX/bill/HB1266/2023,1653418,['Nate Schatzline']
288,Texas,TX,HB1532,https://legiscan.com/TX/bill/HB1532/2023,1675498,['Nate Schatzline']
289,Texas,TX,HB1541,https://legiscan.com/TX/bill/HB1541/2023,1676235,['Steve Toth']
290,Texas,TX,HB1686,https://legiscan.com/TX/bill/HB1686/2023,1682140,"['Tom Oliverson', 'Shelby Slawson']"
291,Texas,TX,HB1752,https://legiscan.com/TX/bill/HB1752/2023,1683641,['Steve Toth']
292,Texas,TX,HB1952,https://legiscan.com/TX/bill/HB1952/2023,1696022,['Steve Toth']
293,Texas,TX,HB2116,https://legiscan.com/TX/bill/HB2116/2023,1701690,['Ben Bumgarner']
294,Texas,TX,HB23,https://legiscan.com/TX/bill/HB23/2023,1632709,"['Valoree Swanson', 'Stephen Allison', 'Charles Anderson', 'Trent Ashby', 'Ernest Bailes', 'Cecil Bell', 'Keith Bell', 'Greg Bonnen', 'Brad Buckley', 'Ben Bumgarner', 'Dewayne Burns', 'Briscoe Cain', 'Giovanni Capriglione', 'Travis Clardy', 'David Cook', 'Tom Craddick', 'Charles Cunningham', 'Drew Darby', 'Jay Dean', 'Mano DeAyala', 'Mark Dorazio', 'James Frank', 'Frederick Frazier', 'Gary Gates', 'Stan Gerdes', 'Craig Goldman', 'Ryan Guillen', 'Sam Harless', 'Caroline Harris', 'Cody Harris', 'Brian Harrison', 'Richard Hayes', 'Cole Hefner', 'Justin Holland', 'Lacey Hull', 'Carrie Isaac', 'Jacey Jetton', 'Kyle Kacal', 'Ken King', 'Stan Kitzman', 'Stephanie Klick', 'John Kuempel', 'Brooks Landgraf', 'Jeff Leach', 'Terri Leo-Wilson', 'Janie Lopez', 'J.M. Lozano', 'John Lujan', 'William Metcalf', 'Geanie Morrison', 'Andrew Murr', 'Candy Noble', 'Tom Oliverson', 'Angelia Orr', 'Jared Patterson', 'Dennis Paul', 'Four Price', 'John Raney', 'Glenn Rogers', 'Matt Schaefer', 'Nate Schatzline', 'Matthew Shaheen', 'Hugh Shine', 'Bryan Slaton', 'Shelby Slawson', 'Reggie Smith', 'John Smithee', 'David Spiller', 'Lynn Stucky', 'Carl Tepper', 'Kronda Thimesch', 'Ed Thompson', 'Tony Tinderholt', 'Steve Toth', 'Ellen Troxclair', 'Gary Vandeaver', 'Cody Vasut', 'Terry Wilson']"
295,Texas,TX,HB319,https://legiscan.com/TX/bill/HB319/2023,1633160,['Tom Oliverson']
296,Texas,TX,HB41,https://legiscan.com/TX/bill/HB41/2023,1632603,['Steve Toth']
297,Texas,TX,HB42,https://legiscan.com/TX/bill/HB42/2023,1632625,['Bryan Slaton']
298,Texas,TX,HB436,https://legiscan.com/TX/bill/HB436/2023,1633139,['Jared Patterson']
299,Texas,TX,HB631,https://legiscan.com/TX/bill/HB631/2023,1633284,['Steve Toth']
300,Texas,TX,HB643,https://legiscan.com/TX/bill/HB643/2023,1632815,['Jared Patterson']
301,Texas,TX,HB672,https://legiscan.com/TX/bill/HB672/2023,1632618,['Cole Hefner']
302,Texas,TX,HB708,https://legiscan.com/TX/bill/HB708/2023,1633387,['Matthew Shaheen']
303,Texas,TX,HB776,https://legiscan.com/TX/bill/HB776/2023,1633823,['Brian Harrison']
304,Texas,TX,HB888,https://legiscan.com/TX/bill/HB888/2023,1637198,['Shelby Slawson']
305,Texas,TX,SB1029,https://legiscan.com/TX/bill/SB1029/2023,1713329,['Bob Hall']
306,Texas,TX,SB162,https://legiscan.com/TX/bill/SB162/2023,1632730,['Charles Perry']
307,Texas,TX,SB249,https://legiscan.com/TX/bill/SB249/2023,1634103,"['Bob Hall', 'Donna Campbell', 'Charles Perry']"
308,Texas,TX,SB250,https://legiscan.com/TX/bill/SB250/2023,1634122,"['Bob Hall', 'Donna Campbell', 'Charles Perry']"
309,Texas,TX,SB393,https://legiscan.com/TX/bill/SB393/2023,1655824,['Bob Hall']
310,Texas,TX,SB476,https://legiscan.com/TX/bill/SB476/2023,1663682,"['Bryan Hughes', 'Lois Kolkhorst']"
311,Texas,TX,SB625,https://legiscan.com/TX/bill/SB625/2023,1683132,"['Donna Campbell', 'Lois Kolkhorst']"
312,Texas,TX,SB649,https://legiscan.com/TX/bill/SB649/2023,1684606,"['Mayes Middleton', 'Charles Creighton', 'Phil King', 'Lois Kolkhorst', 'Charles Perry']"
313,Texas,TX,SCR3,https://legiscan.com/TX/bill/SCR3/2023,1634117,"['Bob Hall', 'Donna Campbell']"
314,Texas,TX,SB1082,https://legiscan.com/TX/bill/SB1082/2023,1717754,['Bob Hall']
315,Texas,TX,HB2722,https://legiscan.com/TX/bill/HB2722/2023,1719589,['Matt Schaefer']
316,US,US,HB216,https://legiscan.com/US/bill/HB216/2023,1650772,['Jeff Van Drew']
317,US,US,HB429,https://legiscan.com/US/bill/HB429/2023,1674808,"['Brian Mast', 'Dan Bishop', 'Jeff Duncan', 'Paul Gosar', 'Matt Gaetz', 'Ralph Norman', 'Doug Lamborn', 'Randy Weber']"
318,US,US,HR115,https://legiscan.com/US/bill/HR115/2023,1702925,"['Debbie Lesko', 'Diana Harshbarger', 'Mary Miller', 'Kevin Hern', 'Claudia Tenney', 'Robert Aderholt', 'Andy Biggs', 'Andrew Clyde', 'Randy Weber', 'Michael Guest', 'George Santos', 'Andrew Ogles', 'Virginia Foxx', 'Ralph Norman', 'Burgess Owens', 'Ronny Jackson', 'Harriet Hageman', 'Jeff Duncan', 'Jake Ellzey', 'Jim Banks', 'Earl Carter', 'Greg Steube', 'Ben Cline', 'Doug LaMalfa']"
319,US,US,SB187,https://legiscan.com/US/bill/SB187/2023,1689600,"['Marco Rubio', 'Steve Daines']"
320,US,US,SR53,https://legiscan.com/US/bill/SR53/2023,1703088,"['Cindy Hyde-Smith', 'Marco Rubio', 'Ted Cruz', 'Cynthia Lummis', 'Mike Lee', 'Katie Boyd Britt']"
321,US,US,SB457,https://legiscan.com/US/bill/SB457/2023,1710145,['Josh Hawley']
322,US,US,HB734,https://legiscan.com/US/bill/HB734/2023,1691551,"['Greg Steube', 'Claudia Tenney', 'Virginia Foxx', 'Robert Wittman', 'Daniel Webster', 'Troy Balderson', 'Ken Buck', 'Ann Wagner', 'Earl Carter', 'Matt Gaetz', 'Mariannette Miller-Meeks', 'Jason Smith', 'Jake Ellzey', 'Morgan Griffith', 'Doug LaMalfa', 'Jerry Carl', 'Tom Tiffany', 'Nancy Mace', 'Mike Bost', 'Tim Walberg', 'Mary Miller', 'Brad Wenstrup', 'August Pfluger', 'Warren Davidson', 'Randy Weber', 'Andy Biggs', 'Robert Good', 'Lauren Boebert', 'Randy Feenstra', 'Jim Banks', 'Neal Dunn', 'Jack Bergman', 'Michael Guest', 'Jenniffer Gonzalez-Colon', 'Scott DesJarlais', 'Diana Harshbarger', 'George Santos', 'Lori Chavez-DeRemer', 'Alexander Mooney', 'Rudolph Yakym III', 'Anna Luna', 'Richard Hudson', 'Nick LaLota', 'William Timmons']"
323,Utah,UT,HB0132,https://legiscan.com/UT/bill/HB0132/2023,1640216,"['Rex Shipp', 'Wayne Harper']"
324,Utah,UT,HB0228,https://legiscan.com/UT/bill/HB0228/2023,1663256,"['Michael Petersen', 'Curtis Bramble']"
325,Utah,UT,HB0329,https://legiscan.com/UT/bill/HB0329/2023,1685927,"['Colin Jack', 'Evan Vickers']"
326,Utah,UT,SB0016,https://legiscan.com/UT/bill/SB0016/2023,1639439,"['Michael Kennedy', 'Katy Hall']"
327,Utah,UT,SB0093,https://legiscan.com/UT/bill/SB0093/2023,1655543,"['Daniel McCay', 'Brady Brammer']"
328,Utah,UT,SB0100,https://legiscan.com/UT/bill/SB0100/2023,1660611,"['Todd Weiler', 'Stephanie Gricius']"
329,Utah,UT,SB0283,https://legiscan.com/UT/bill/SB0283/2023,1719813,"['John Johnson', 'Michael Petersen']"
330,Vermont,VT,H0183,https://legiscan.com/VT/bill/H0183/2023,1696021,"['Mark Higley', 'Anne Donahue', 'Arthur Peterson', 'Terri Williams', 'Charles Wilson']"
331,Virginia,VA,HB1387,https://legiscan.com/VA/bill/HB1387/2023,1633355,"['Karen Greenhalgh', 'John McGuire', 'Jason Ballard', 'Emily Brewer', 'Kathy Byron', 'Ronnie Campbell', 'Tara Durant', 'James Edmunds', 'Hyland Fowler', 'Nicholas Freitas', 'Chris Head', 'Dave LaRock', 'Marie March', 'Chris Runion', 'Phillip Scott', 'Anne Ferrell Tata', 'Wendell Walker', 'Bill Wiley', 'Wren Williams', 'Thomas Wright']"
332,Virginia,VA,HB1399,https://legiscan.com/VA/bill/HB1399/2023,1634331,['Marie March']
333,Virginia,VA,HB1707,https://legiscan.com/VA/bill/HB1707/2023,1648990,"['Tara Durant', 'Ellen Campbell', 'Robert Orrock', 'Phillip Scott', 'Wren Williams']"
334,Virginia,VA,HB2432,https://legiscan.com/VA/bill/HB2432/2023,1668262,"['Dave LaRock', 'Tara Durant', 'John McGuire', 'Marie March', 'Chris Runion', 'Wendell Walker', 'Bill Wiley', 'Wren Williams']"
335,Virginia,VA,SB1186,https://legiscan.com/VA/bill/SB1186/2023,1651821,['Bryce Reeves']
336,Virginia,VA,SB1203,https://legiscan.com/VA/bill/SB1203/2023,1651270,['Bryce Reeves']
337,Virginia,VA,SB791,https://legiscan.com/VA/bill/SB791/2023,1634198,['Amanda Chase']
338,Virginia,VA,SB911,https://legiscan.com/VA/bill/SB911/2023,1645224,['John Cosgrove']
339,Virginia,VA,SB960,https://legiscan.com/VA/bill/SB960/2023,1645401,"['Mark Peake', 'Bryce Reeves']"
340,Virginia,VA,SB962,https://legiscan.com/VA/bill/SB962/2023,1645539,"['Mark Peake', 'Bryce Reeves']"
341,Washington,WA,HB1214,https://legiscan.com/WA/bill/HB1214/2023,1649602,['Jim Walsh']
342,Washington,WA,HB1233,https://legiscan.com/WA/bill/HB1233/2023,1651385,"['Cyndy Jacobsen', 'Mike Volz', 'Joel McEntire', 'Jim Walsh', 'Jenny Graham']"
343,West Virginia,WV,HB2007,https://legiscan.com/WV/bill/HB2007/2023,1656233,"['Geoff Foster', 'Geno Chiarelli', 'Charles Horst', 'Wayne Clark', 'Mike Devault', 'Elias Coop-Gonzalez', 'Eric Brooks', 'Todd Kirby', 'Jordan Maynor', 'David Adkins', 'Guy Ward']"
344,West Virginia,WV,HB2125,https://legiscan.com/WV/bill/HB2125/2023,1652949,['Brandon Steele']
345,West Virginia,WV,HB2923,https://legiscan.com/WV/bill/HB2923/2023,1675099,"['Geno Chiarelli', 'Caleb Hanna', 'Chris Pritt', 'Jonathan Pinson']"
346,West Virginia,WV,HB2972,https://legiscan.com/WV/bill/HB2972/2023,1677516,"['Chris Pritt', 'Geno Chiarelli']"
347,West Virginia,WV,HB2998,https://legiscan.com/WV/bill/HB2998/2023,1677244,"['Chris Pritt', 'Geno Chiarelli', 'Todd Kirby']"
348,West Virginia,WV,HB3001,https://legiscan.com/WV/bill/HB3001/2023,1677283,"['Chris Pritt', 'Geno Chiarelli', 'Todd Kirby']"
349,West Virginia,WV,HB3097,https://legiscan.com/WV/bill/HB3097/2023,1684087,"['Geoff Foster', 'Chris Phillips', 'Dean Jeffries', 'Tom Fast', 'Adam Burkhammer', 'Riley Keaton', 'Eric Brooks', 'Carl Martin', 'Kathie Crouse', 'Rick Hillenbrand', 'Brandon Steele']"
350,West Virginia,WV,HB3176,https://legiscan.com/WV/bill/HB3176/2023,1687773,"['Darren Thorne', 'Charles Horst', 'Todd Longanacre', 'Anita Hall', 'Henry Dillon', 'Mike Devault', 'Gary Howell', 'Larry Kump']"
351,West Virginia,WV,HB3183,https://legiscan.com/WV/bill/HB3183/2023,1687837,"['Henry Dillon', 'Mark Ross', 'William Ridenour', 'Todd Longanacre']"
352,West Virginia,WV,SB103,https://legiscan.com/WV/bill/SB103/2023,1654276,"['Eric Tarr', 'Rollan Roberts', 'Robert Karnes', 'Mark Maynard']"
353,West Virginia,WV,SB252,https://legiscan.com/WV/bill/SB252/2023,1660627,"['Mike Azinger', 'Mark Maynard', 'Vince Deeds']"
354,West Virginia,WV,SB278,https://legiscan.com/WV/bill/SB278/2023,1665023,['Mike Azinger']
355,West Virginia,WV,SB517,https://legiscan.com/WV/bill/SB517/2023,1685161,"['Mark Maynard', 'Patricia Rucker']"
356,West Virginia,WV,SB692,https://legiscan.com/WV/bill/SB692/2023,1715006,"['Mark Maynard', 'Jay Taylor']"
357,West Virginia,WV,SB697,https://legiscan.com/WV/bill/SB697/2023,1714924,"['Mike Azinger', 'Mark Maynard', 'Randy Smith', 'Jay Taylor', 'Robert Karnes', 'Mike Stuart']"
358,Wisconsin,WI,SB4,https://legiscan.com/WI/bill/SB4/2023,1684388,['committee for review of Administrative Rules']
359,Wyoming,WY,HB0187,https://legiscan.com/WY/bill/HB0187/2023,1665849,"['Barry Crago', 'David Northrup', 'Ember Oakley', 'Clark Stith', 'Cyrus Western', 'Wendy Davis Schuler']"
360,Wyoming,WY,HB0234,https://legiscan.com/WY/bill/HB0234/2023,1678759,"['Mark Jennings', 'Pepper Ottman', 'Ken Pendergraft', 'Sarah Penn', 'Scott Smith']"
361,Wyoming,WY,SF0111,https://legiscan.com/WY/bill/SF0111/2023,1657238,"['Bill Allemand', 'Dalton Banks', 'Forrest Chadwick', 'Scott Heiner', 'Mark Jennings', 'Martha Lawley', 'Jared Olsen', 'Pepper Ottman', 'Tomi Strock', 'Clarence Styvar', 'Tom Walters', 'Evie Brennan', 'Troy McKeown', 'Wendy Davis Schuler', 'Charles Scott', 'Cheri Steinmetz']"
362,Wyoming,WY,SF0117,https://legiscan.com/WY/bill/SF0117/2023,1659337,"['Lane Allred', 'Dan Dockstader']"
363,Wyoming,WY,SF0133,https://legiscan.com/WY/bill/SF0133/2023,1664608,"['Lane Allred', 'Abby Angelos', 'Ryan Berger', 'Barry Crago', 'Jeremy Haroldson', 'Steve Harshman', 'William Henderson', 'Mark Jennings', 'Martha Lawley', 'Pepper Ottman', 'Rachel Rodriguez-Williams', 'Albert Sommers', 'Clarence Styvar', 'Tamara Trujillo', 'Dennis Biteman', 'Dan Dockstader', 'Tim French', 'Lynn Hutchings', 'Stacy Jones', 'John Kolb', 'Troy McKeown', 'Tim Salazar', 'Wendy Davis Schuler', 'Cheri Steinmetz']"
364,Wyoming,WY,SF0144,https://legiscan.com/WY/bill/SF0144/2023,1672878,"['Scott Heiner', 'Ben Hornok', 'John Winter', 'Anthony Bouchard', 'Tim French', 'Lynn Hutchings', 'Robert Ide', 'Dan Laursen', 'Troy McKeown']"
365,Wyoming,WY,SF0159,https://legiscan.com/WY/bill/SF0159/2023,1676316,"['Abby Angelos', 'John Bear', 'Donald Burkhart', 'Jeremy Haroldson', 'Scott Heiner', 'Mark Jennings', 'Jared Olsen', 'Rachel Rodriguez-Williams', 'Jeanette Ward', 'Dennis Biteman', 'Ogden Driskill', 'Lynn Hutchings', 'Cheri Steinmetz']"
