Steve Toth,Texas,15
Shane Jett,Oklahoma,13
Terri Leo-Wilson,Texas,12
Bob Hall,Texas,11
Briscoe Cain,Texas,11
Jared Patterson,Texas,10
David Spiller,Texas,9
Lori VanWinkle,North Dakota,9
Matthew Leber,South Carolina,8
Terry Wilson,Texas,8
Brandon Prichard,North Dakota,8
James Burns,South Carolina,8
Vicky Steiner,North Dakota,7
Stewart Jones,South Carolina,7
Charles Perry,Texas,7
Jill Carter,Missouri,7
Thomas Beach,South Carolina,7
Nate Schatzline,Texas,7
George Burns,Oklahoma,7
Cole Hefner,Texas,7
Kip Capley,Tennessee,7
Joseph Hensley,Tennessee,7
Richard Hayes,Texas,7
Valoree Swanson,Texas,7
David Bullard,Oklahoma,7
Angela Burks Hill,Mississippi,7
Charles Anderson,Texas,6
Doug Gilliam,South Carolina,6
Rob Harris,South Carolina,6
Warren Hamilton,Oklahoma,6
Roy Magnuson,South Carolina,6
Ellen Troxclair,Texas,6
William Metcalf,Texas,6
Donna Campbell,Texas,6
Marco Rubio,US,6
Billy Wesley,Kentucky,6
Tan Parker,Texas,6
Mary Miller,US,6
Jim Banks,US,6
Danny Verdin,South Carolina,6
Chris Todd,Tennessee,6
Cindy Crawford,Arkansas,6
Brian Harrison,Texas,6
Jordan Pace,South Carolina,6
Mary Bentley,Arkansas,6
Shelby Slawson,Texas,5
Ryan Dotson,Kentucky,5
Rusty Grills,Tennessee,5
Jody Barrett,Tennessee,5
David Clemens,North Dakota,5
Keith Boehm,North Dakota,5
Carrie Isaac,Texas,5
Angelia Orr,Texas,5
Gino Bulso,Tennessee,5
Ben Bumgarner,Texas,5
Marvin Smith,South Carolina,5
Ed Butler,Tennessee,5
Rob Standridge,Oklahoma,5
Debbie Lesko,US,5
Carl Perry,South Dakota,5
Randy Weber,US,5
Mark Maynard,West Virginia,5
Ben Koppelman,North Dakota,5
Jeff Leach,Texas,5
Ralph Hise,North Carolina,5
Benton Sawrey,North Carolina,5
Mark Jennings,Wyoming,5
Greg Steube,US,5
Sandy Salmon,Iowa,5
Justine Wadsack,Arizona,5
Rachel Jones,Arizona,5
Lois Kolkhorst,Texas,5
Ralph Norman,US,5
SuAnn Olson,North Dakota,5
Bill Tveit,North Dakota,5
Jeff Duncan,US,5
Mark Dorazio,Texas,5
John Ragan,Tennessee,5
Tom Pischke,South Dakota,5
Steve Rawlings,Kentucky,5
Julie Frye-Mueller,South Dakota,5
Bob Paulson,North Dakota,5
Matthew Shaheen,Texas,5
Chris Pritt,West Virginia,5
Jake McCalmon,Tennessee,5
Joyce Krawiec,North Carolina,5
Phil Jensen,South Dakota,5
Patrick Haddon,South Carolina,5
Rick Brattin,Missouri,5
Cory McGarr,Arizona,5
Candy Noble,Texas,5
Geno Chiarelli,West Virginia,5
Marianne Proctor,Kentucky,5
John Hodgson,Kentucky,5
Robin Lundstrum,Arkansas,5
Stacey Donato,Indiana,5
John Mccravy,South Carolina,5
Doug LaMalfa,US,5
Nancy Tate,Kentucky,5
Monty Fritts,Tennessee,5
Norman Sanderson,North Carolina,5
Josh Calloway,Kentucky,5
Buck Newton,North Carolina,5
Vickie Sawyer,North Carolina,4
Warren Daniel,North Carolina,4
Tony Luetkemeyer,Missouri,4
Kathy Chism,Mississippi,4
Kathy Landing,South Carolina,4
Anna Luna,US,4
Karen Rohr,North Dakota,4
Mark Willis,South Carolina,4
Tony Tinderholt,Texas,4
Matt Schaefer,Texas,4
April Cromer,South Carolina,4
Bobby Hanig,North Carolina,4
Mark Cochran,Tennessee,4
Julie Daniels,Oklahoma,4
John Stevens,Tennessee,4
William Chumley,South Carolina,4
Michael Lazzara,North Carolina,4
Tim Rudd,Tennessee,4
Brady Williamson,Mississippi,4
Todd Johnson,North Carolina,4
Melissa Oremus,South Carolina,4
Todd Kirby,West Virginia,4
Joshua Kimbrell,South Carolina,4
Brad Overcash,North Carolina,4
Todd Warner,Tennessee,4
Walker Thomas,Kentucky,4
Mark Pody,Tennessee,4
Bryce Reeves,Virginia,4
Tom Oliverson,Texas,4
Lauren Boebert,US,4
Mayes Middleton,Texas,4
Carl Tepper,Texas,4
John Sjaarda,South Dakota,4
Thomas McInnis,North Carolina,4
William Slater,Tennessee,4
Ted Cruz,US,4
Susan Lynn,Tennessee,4
Candy Massaroni,Kentucky,4
Bryan Hughes,Texas,4
Sylleste Davis,South Carolina,4
Mike Azinger,West Virginia,4
Bryan Slaton,Texas,4
Anna Novak,North Dakota,4
Carl Ford,North Carolina,4
Lacey Hull,Texas,4
John Lujan,Texas,4
Adam Morgan,South Carolina,4
Alan Morgan,South Carolina,4
Lynn Hutchings,Wyoming,4
Bryan Richey,Tennessee,4
Michelle Davis,Indiana,4
Troy McKeown,Wyoming,4
William Eigel,Missouri,4
Bobby Cox,South Carolina,4
Judy Estenson,North Dakota,4
Shawn Vedaa,North Dakota,4
Wayne Long,Arkansas,4
David O'Neal,South Carolina,4
David Cook,Texas,4
Gary Gates,Texas,4
Rachel Plakon,Florida,4
Scott Cepicky,Tennessee,4
Scott Dyk,North Dakota,4
Reggie Smith,Texas,4
Harriet Hageman,US,4
Gary Byrne,Indiana,4
Pepper Ottman,Wyoming,4
Paul Sherrell,Tennessee,4
Jeff Raatz,Indiana,4
Gary Stubblefield,Arkansas,4
Elizabeth May,South Dakota,4
Mike Moon,Missouri,4
Steven Long,South Carolina,4
Chris McDaniel,Mississippi,4
Jennifer Henson Decker,Kentucky,4
Charles Creighton,Texas,4
Mindy McAlindon,Arkansas,4
Chris Fugate,Kentucky,4
Doug Lamborn,US,4
Jill Ford,Mississippi,4
Nathan Dahm,Oklahoma,4
Edward Durr,New Jersey,4
Brian Adams,South Carolina,4
David Hale,Kentucky,4
Christine Goodwin,Oregon,4
Ryan Rose,Arkansas,4
Rodney Montoya,New Mexico,4
Timothy Moffitt,North Carolina,4
Debra Moody,Tennessee,4
Jim Perry,North Carolina,4
Aaron Aylward,South Dakota,4
Denny Hoskins,Missouri,4
Jake Teshka,Indiana,4
Janince Bowling,Tennessee,4
Diana Harshbarger,US,4
Cody Vasut,Texas,4
Janne Myrdal,North Dakota,4
Roger Nutt,South Carolina,4
Shane Baker,Kentucky,4
Cody Rogers,Oklahoma,4
Paul Newton,North Carolina,4
Cody Harris,Texas,4
Dennis Powers,Tennessee,4
Dean Black,Florida,4
Jay Kilmartin,South Carolina,4
Dan Howell,Tennessee,4
Randy Fine,Florida,4
Jason Zachary,Tennessee,4
Stan Kitzman,Texas,4
Stan Gerdes,Texas,4
Ted Alexander,North Carolina,3
Scott Sharp,Kentucky,3
Ben Cline,US,3
Scott Odenbach,South Dakota,3
Scott Moore,South Dakota,3
Austen Schauer,North Dakota,3
Scott Heiner,Wyoming,3
Ashley Trantham,South Carolina,3
Virginia Foxx,US,3
Clint Dixon,Georgia,3
Anthony Kern,Arizona,3
Savannah Maddox,Kentucky,3
Stacey Hobgood-Wilkes,Mississippi,3
Anne Thayer,South Carolina,3
Clay Higgins,US,3
Tara Durant,Virginia,3
Cameron Cooper,Arkansas,3
Dan Sullivan,Arkansas,3
Caroline Harris,Texas,3
Burgess Owens,US,3
Ben Gilmore,Arkansas,3
Tony Randolph,South Dakota,3
Troy Nehls,US,3
Dan Ruby,North Dakota,3
Paul Gosar,US,3
Brian Lawson,South Carolina,3
Paul Bettencourt,Texas,3
Melanie Sojourner,Mississippi,3
James Frank,Texas,3
James Kasper,North Dakota,3
Robert Aderholt,US,3
Lindsey Tichenor,Kentucky,3
Cheri Steinmetz,Wyoming,3
Toni Hasenbeck,Oklahoma,3
Sonia Eubanks Barker,Arkansas,3
Bill Posey,US,3
Colton Moore,Georgia,3
Shelley Frommeyer,Kentucky,3
Shawn Still,Georgia,3
Shawn McPherson,Kentucky,3
Bethany Soye,South Dakota,3
DJ Johnson,Kentucky,3
Ben Krohmer,South Dakota,3
Thomas Huff,Kentucky,3
Dennis Biteman,Wyoming,3
Steven Doan,Kentucky,3
Wendy Davis Schuler,Wyoming,3
Deanna Frazier Gordon,Kentucky,3
Diamond Garcia,Hawaii,3
Donald McCabe,South Carolina,3
Alejandro Rizo,Florida,3
Alan Clark,Arkansas,3
Andy Biggs,US,3
Robert Sampson,Connecticut,3
Lisa Barnes,North Carolina,3
Adam Anderson,Florida,3
Robert May,South Carolina,3
Wren Williams,Virginia,3
Robert Karnes,West Virginia,3
Earl Carter,US,3
Ed  Diehl,Oregon,3
Rusty Crowe,Tennessee,3
Carden Summers,Georgia,3
David Smith,Oregon,3
David Vaughan,South Carolina,3
Jake Ellzey,US,3
Andrew Murr,Texas,3
William Lamberth,Tennessee,3
Brian Babin,US,3
Ryan Williams,Tennessee,3
Brent Taylor,Tennessee,3
Cherielynn Westrich,Iowa,3
Brent Hoffman,South Dakota,3
Tim French,Wyoming,3
Brandon Reed,Kentucky,3
Tim Walberg,US,3
Chris Karr,South Dakota,3
Timmy Truett,Kentucky,3
Steve Daines,US,3
Tina Mulally,South Dakota,3
Todd Longanacre,West Virginia,3
Brad Hudson,Missouri,3
Bobby McCool,Kentucky,3
Tom Gann,Oklahoma,3
Blake Johnson,Arkansas,3
Claudia Tenney,US,3
Clay Doggett,Tennessee,3
Wade Williams,Kentucky,3
Daniel Fister,Kentucky,3
Julie Auch,South Dakota,3
Russell Webber,Kentucky,3
Paul Rose,Tennessee,3
Kevin West,Oklahoma,3
Emily Callaway,Kentucky,3
Ferrell Haile,Tennessee,3
Giovanni Capriglione,Texas,3
Fred Deutsch,South Dakota,3
Rex Rice,South Carolina,3
Lance Gooden,US,3
Kevin Jensen,South Dakota,3
Kevin Hern,US,3
Frederick Frazier,Texas,3
Gary Boswell,Kentucky,3
Lynn Findley,Oregon,3
Kevin Corbin,North Carolina,3
Erik Peterson,New Jersey,3
Rick Eldridge,Tennessee,3
Mike Johnson,US,3
Phil King,Texas,3
Marty Overweg,South Dakota,3
Michelle Salzman,Florida,3
Jon Milligan,Arkansas,3
Eric Crawford,US,3
Marie March,Virginia,3
Jason Petrie,Kentucky,3
Richard Heath,Kentucky,3
Jack Johnson,Tennessee,3
Keith Perry,Florida,3
Kelly Keisling,Tennessee,3
Edward Jackson,Tennessee,3
Marcus Richmond,Arkansas,3
George Santos,US,3
Randy Gross,South Dakota,3
Lawrence Grooms,South Carolina,3
Lisa Meier,North Dakota,3
Gex Williams,Kentucky,3
Lee Anderson,Georgia,3
Randy Bridges,Kentucky,3
Kathleen Kauth,Nebraska,3
Marty Harbin,Georgia,3
Gary Vandeaver,Texas,3
Mark Johnson,Arkansas,3
Kent Weston,North Dakota,3
Kronda Thimesch,Texas,3
Jon Hansen,South Dakota,3
Elaine Davis,Tennessee,3
Johnny Rye,Arkansas,3
Joanna King,Indiana,3
Josh Bonner,Georgia,3
Janie Lopez,Texas,3
James Tipton,Kentucky,3
Karla Lems,South Dakota,3
Matt Brass,Georgia,3
Matt Gaetz,US,3
Ralph Massullo,Florida,3
Matt Lockett,Kentucky,3
Glenn Grothman,US,3
Karen Anderson,North Dakota,3
Glenn Rogers,Texas,3
Greg Bonnen,Texas,3
Matt Stone,Arkansas,3
Harlan Vincent,New Mexico,3
Justin Sparks,Missouri,3
Eddie Settle,North Carolina,3
J.M. Lozano,Texas,3
Johnny Garrett,Tennessee,3
Jacey Jetton,Texas,3
Michael Guest,US,3
Matthew Ruby,North Dakota,3
Jeremy Faison,Tennessee,3
Jerome Moon,Tennessee,3
Jay Dean,Texas,3
John Smithee,Texas,3
Jay Reedy,Tennessee,3
John Mills,South Dakota,3
Micheal Bergstrom,Oklahoma,3
Jeff Van Drew,US,3
Jeremy Haroldson,Wyoming,3
Mary Coleman,Missouri,3
Jim Olsen,Oklahoma,3
John Kavanagh,Arizona,3
Mike Sparks,Tennessee,3
Joe White,South Carolina,3
Jessica Baker,Florida,3
John Albers,Georgia,3
Jim Gooch,Kentucky,3
John Block,New Mexico,3
Mike Braun,US,3
Mike Bost,US,3
Steve Carra,Michigan,2
Patrick Flannery,Kentucky,2
Richard White,Kentucky,2
Martha Lawley,Wyoming,2
Ryan Zinke,US,2
Phillip Scott,Virginia,2
Michael Waltz,US,2
Michael Testa,New Jersey,2
Tom Woods,Oklahoma,2
Sean Bennett,South Carolina,2
Richard Hudson,US,2
Mary Imes,Kentucky,2
Theresa Manzella,Montana,2
Troy Balderson,US,2
Tom Leatherwood,Tennessee,2
Tyler Dees,Arkansas,2
Scotty Campbell,Tennessee,2
Mike Devault,West Virginia,2
Tom Cotton,US,2
Rick Allen,US,2
Mike Wobbema,North Dakota,2
Michael Gambrell,South Carolina,2
Thomas Hall,Ohio,2
Michael Pollock,Kentucky,2
Thomas Davis,South Carolina,2
Scott Richardson,Arkansas,2
Tom Young,Ohio,2
Stan McClain,Florida,2
Randy Feenstra,US,2
Scott Wiggam,Ohio,2
Richard McCormick,US,2
Stan Lambert,Texas,2
Reggie Stoltzfus,Ohio,2
Patrick Fallon,US,2
Missy Irvin,Arkansas,2
Terry O'Donnell,Oklahoma,2
Sabi Kumar,Tennessee,2
Sherrie Conley,Oklahoma,2
Steve Bratcher,Kentucky,2
Michael Petersen,Utah,2
Clint Penzo,Arkansas,2
Matt McKee,Arkansas,2
Dan Dockstader,Wyoming,2
James Hieb,Oregon,2
Craig Goldman,Texas,2
Curtis Trent,Missouri,2
James Adams,North Carolina,2
D. J. Swearingen,Ohio,2
Dale DeVon,Indiana,2
Jake Johnson,North Carolina,2
Dan Crenshaw,US,2
Dan Eubanks,Mississippi,2
Val Guest,South Carolina,2
Dan Laursen,Wyoming,2
Jared Olsen,Wyoming,2
Chuck Payne,Georgia,2
Christopher Wooten,South Carolina,2
Jeffrey McNeely,North Carolina,2
Carlos Gimenez,US,2
Michael Lee,North Carolina,2
Joe Pike,North Carolina,2
Cole Christensen,North Dakota,2
Jason Bean,Missouri,2
Cindy Hyde-Smith,US,2
Clay Yarborough,Florida,2
Sam Watson,Georgia,2
Sam Harless,Texas,2
Phillip Wheeler,Kentucky,2
Mike Wilson,Kentucky,2
Mary Littleton,Tennessee,2
Jon Lancaster,Mississippi,2
Drew Springer,Texas,2
Claire Cory,North Dakota,2
Jeff Taylor,Iowa,2
Jeff Tate,Mississippi,2
Jeff Shipley,Iowa,2
Clarence Styvar,Wyoming,2
Clark Boyd,Tennessee,2
Jeff Hoverson,North Dakota,2
Jeanine Notter,New Hampshire,2
Jeanette Ward,Wyoming,2
Jay Taylor,West Virginia,2
Rachel Rodriguez-Williams,Wyoming,2
Steven Oroho,New Jersey,2
Tom Tiffany,US,2
Ron Estes,US,2
Steve Demetriou,Ohio,2
Michele Carringer,Tennessee,2
Walter Hudson,Minnesota,2
Nancy Mace,US,2
Ryan Guillen,Texas,2
Ricky Hill,Arkansas,2
Mike Ezell,US,2
Marjorie Greene,US,2
Tim Salazar,Wyoming,2
Rick Girdler,Kentucky,2
Rodney Creech,Ohio,2
Rocky De Witt,Iowa,2
Steve Unger,Arkansas,2
Steve Tyson,North Carolina,2
Tim Barhorst,Ohio,2
William Timmons,US,2
Robert Wittman,US,2
Ron Gant,Tennessee,2
Rick McClure,Arkansas,2
Rick Roth,Florida,2
Tom Smith,Kentucky,2
Mark Hart,Kentucky,2
Neal Dunn,US,2
Mark Duncan,New Mexico,2
Rick Beck,Arkansas,2
Wendell Walker,Virginia,2
Webster Barnaby,Florida,2
Riley Keaton,West Virginia,2
Susan Tyler Witten,Kentucky,2
Mark Green,US,2
Michael Young,Indiana,2
Pete Stauber,US,2
Nathaniel Moran,US,2
Rusty Black,Missouri,2
Mark Peake,Virginia,2
Ryan Lauer,Indiana,2
Mark Johnson,Ohio,2
Mark Lepak,Oklahoma,2
Todd Beard,North Dakota,2
Timothy Wesco,Indiana,2
Phil Plummer,Ohio,2
Casey Murdock,Oklahoma,2
Lori Chavez-DeRemer,US,2
Paul Bailey,Tennessee,2
Stephanie Klick,Texas,2
Scott Flippo,Arkansas,2
Travis Clardy,Texas,2
Travis Fitzwater,Missouri,2
Scott Fitzgerald,US,2
Scott DesJarlais,US,2
Randy Robertson,Georgia,2
Rebecca Alexander,Tennessee,2
Mazzie Boyd,Missouri,2
Shane Reeves,Tennessee,2
Mike Lee,US,2
Trent Ashby,Texas,2
Rebecca Raymer,Kentucky,2
Max Miller,US,2
Melanie Miller,Ohio,2
Stephen Allison,Texas,2
Scott Louser,North Dakota,2
Tom McClintock,US,2
Morgan Meyer,Texas,2
Mark White,Tennessee,2
Wesley Hunt,US,2
Roy Klopfenstein,Ohio,2
Sheila Seidel,New Hampshire,2
Philip Gunn,Mississippi,2
Robert Mills,Kentucky,2
Robert Auth,New Jersey,2
Steve Jarvis,North Carolina,2
Robert Good,US,2
Ogden Driskill,Wyoming,2
William Arnold,Mississippi,2
Susan Manchester,Ohio,2
Mariannette Miller-Meeks,US,2
Mano DeAyala,Texas,2
Robert Heaton,Indiana,2
Lynn Stucky,Texas,2
Lynn Evans,Iowa,2
Robert Ide,Wyoming,2
Ronny Jackson,US,2
Carson Smith,North Carolina,2
Erin Houchin,US,2
Jim Walsh,Washington,2
Kat Cammack,US,2
Angela King,Ohio,2
Kevin Crutchfield,North Carolina,2
Andrew Ogles,US,2
Kevin Avard,New Hampshire,2
Barry Crago,Wyoming,2
Keith Bell,Texas,2
Andrew Marschall,North Dakota,2
Ben Moss,North Carolina,2
Bennie Cook,Missouri,2
Boomer Wright,Oregon,2
Bernard Willis,Ohio,2
Beth Lear,Ohio,2
Kevin Miller,Ohio,2
Karla Eslinger,Missouri,2
Karilyn Brown,Arkansas,2
Bethanne McCarthy Patrick,New Jersey,2
Kevin Raper,Tennessee,2
Bill Hansell,Oregon,2
Andrew Clyde,US,2
Kerry Roberts,Tennessee,2
Kim Hammer,Arkansas,2
Alan Martinez,New Mexico,2
Alessandro Cutrona,Ohio,2
Amy Neighbors,Kentucky,2
Amy Galey,North Carolina,2
Alicia Lekas,New Hampshire,2
Jim Stalzer,South Dakota,2
Bill Taylor,South Carolina,2
Keith Kidwell,North Carolina,2
Kirk Haston,Tennessee,2
Bill Ward,North Carolina,2
Kendon Underwood,Arkansas,2
Kris Jordan,Ohio,2
Justin Holland,Texas,2
Bill Wiley,Virginia,2
Blake Doriot,Indiana,2
Angela Paxton,Texas,2
Kevin Alons,Iowa,2
Blake Stephens,Oklahoma,2
Kevin Sparks,Texas,2
Brad Buckley,Texas,2
John Catalano,New Jersey,2
Joseph Seymour,Mississippi,2
Brad Finstad,US,2
Kyle Kacal,Texas,2
Kelby Timmons,North Dakota,2
Brad Wenstrup,US,2
Joshua Bryant,Arkansas,2
Al Novstrup,South Dakota,2
Brandei Schaefbauer,South Dakota,2
Anthony Bouchard,Wyoming,2
Lane Allred,Wyoming,2
Judiciary,Iowa,2
Kelly Hancock,Texas,2
Joseph Fox,Michigan,2
Larry Bellew,North Dakota,2
Larry Bucshon,US,2
Brandon Steele,West Virginia,2
Adrienne Southworth,Kentucky,2
Brandon Beach,Georgia,2
Ben Brown,Missouri,2
Larry Luick,North Dakota,2
Abby Angelos,Wyoming,2
Bart Hester,Arkansas,2
Brenton Awa,Hawaii,2
Ken Fontenot,North Carolina,2
Ken King,Texas,2
Brian Birdwell,Texas,2
John Raney,Texas,2
Aaron Freeman,Indiana,2
John Payton,Arkansas,2
Aaron Bean,US,2
Brian Stewart,Ohio,2
Brooks Landgraf,Texas,2
Bud Hulsey,Tennessee,2
John McGuire,Virginia,2
Lindsey Graham,US,2
Caleb Hanna,West Virginia,2
Ken Pendergraft,Wyoming,2
John Kuempel,Texas,2
Cameron Sexton,Tennessee,2
Ken Yager,Tennessee,2
Ed Thompson,Texas,2
Alexander Mooney,US,2
Delia Haak,Arkansas,2
Dewayne Burns,Texas,2
Jack Sandlin,Indiana,2
Jack Ladyman,Arkansas,2
Daniel Gibson,South Carolina,2
Hugh Shine,Texas,2
Dennis Guth,Iowa,2
Dennis Paul,Texas,2
Fred Shanks,Mississippi,2
Derek Merrin,Ohio,2
Frank Sossamon,North Carolina,2
Doug Bankson,Florida,2
Four Price,Texas,2
Dick Anderson,North Dakota,2
Dick Stein,Ohio,2
Geanie Morrison,Texas,2
Ernest Bailes,Texas,2
Donna Henderson,North Dakota,2
Eric Lucero,Minnesota,2
Donnie Loftis,North Carolina,2
Jena Powell,Ohio,2
Jennifer Branning,Mississippi,2
Jennifer Gross,Ohio,2
Christopher Smith,US,2
Cecil Bell,Texas,2
Celeste Cairns,North Carolina,2
Charles Cunningham,Texas,2
Jim Mehlhaff,South Dakota,2
Charles Horst,West Virginia,2
Jim Dotson,Arkansas,2
Jim Burgin,North Carolina,2
Charlie Baum,Tennessee,2
Ed Setzler,Georgia,2
Chris Freeland,Kentucky,2
Jessica Garvin,Oklahoma,2
Chris Jeter,Indiana,2
Jesse Green,Iowa,2
Jerry Carl,US,2
Chris Phillips,West Virginia,2
Chris Runion,Virginia,2
Christopher DePhillips,New Jersey,2
Eric Brooks,West Virginia,2
Felicia Rabourn,Kentucky,2
Dustin Burrows,Texas,2
Greg Vital,Tennessee,2
Danny Williams,Oklahoma,2
Darin LaHood,US,2
Darrell Kick,Ohio,2
Dusty Johnson,US,2
Glenn Gruenhagen,Minnesota,2
Dave Murman,Nebraska,2
Dave Rowley,Iowa,2
David Borrero,Florida,2
David Hawk,Tennessee,2
David Wallace,Arkansas,2
David Willis,North Carolina,2
Gerard Scharfenberger,New Jersey,2
DeAnna Hodges,Arkansas,2
George Cleveland,North Carolina,2
George Campsen,South Carolina,2
Geoff Foster,West Virginia,2
Dean Fisher,Iowa,2
Danny Watson,Arkansas,2
Dave LaRock,Virginia,2
Gregory McGuckin,New Jersey,2
Denise Hader,Oklahoma,2
Elise Stefanik,US,2
Elias Coop-Gonzalez,West Virginia,2
Harlan Breaux,Arkansas,2
Elaine Gannon,Missouri,2
Dwight Loftis,South Carolina,2
Dwight Tosh,Arkansas,2
Elaine Morgan,Rhode Island,2
Carl Glimm,Montana,2
Dean Proctor,North Carolina,2
Holly Thompson Rehder,Missouri,2
Danny Bentley,Kentucky,2
Henry Dillon,West Virginia,2
Heather Crawford,South Carolina,2
Danny Britt,North Carolina,2
Gary Click,Ohio,2
Colin Jack,Utah,1
Spencer Roach,Florida,1
Skyler Wheeler,Iowa,1
Collin Duel,Oklahoma,1
Shelly Boshart Davis,Oregon,1
Sharon Carson,New Hampshire,1
Craig Staats,Pennsylvania,1
Shelly Echols,Georgia,1
Cody Maynard,Oklahoma,1
Sonny Borrelli,Arizona,1
Craig Johnson,Iowa,1
Lisa Frizell,Colorado,1
Cole Conley,North Dakota,1
Jacyn Gallagher,Idaho,1
Justin Lafferty,Tennessee,1
Justin Heap,Arizona,1
Karl Gillespie,North Carolina,1
Matt Duffield,Arkansas,1
Karen Karls,North Dakota,1
Karen Greenhalgh,Virginia,1
Matt Morgan,Maryland,1
Matt Rosendale,US,1
Matt Windschitl,Iowa,1
Justin Pearson,Tennessee,1
Matthew Heilman,North Dakota,1
Judy Aron,New Hampshire,1
Justin Gonzales,Arkansas,1
Ken Gray,Nevada,1
Justin Boyd,Arkansas,1
Julie Pazina,Nevada,1
Julie McGuire,Indiana,1
Matthew Shepherd,Arkansas,1
Max Burns,Georgia,1
Julianne Young,Idaho,1
Julian Garrett,Iowa,1
Ken Morgan,Mississippi,1
Mark Newton,Georgia,1
Ken Rozenboom,Iowa,1
Lydia Chassaniol,Mississippi,1
Lily Morgan,Oregon,1
Lester Carpenter,Mississippi,1
Leslie Rossi,Pennsylvania,1
Lee Johnson,Arkansas,1
Lisa McClain,US,1
Lawrence Klemin,North Dakota,1
Liz Harris,Arizona,1
Lloyd Smucker,US,1
Laurel Lee,US,1
Kristin Robbins,Minnesota,1
Larry Zikmund,South Dakota,1
Larry Walker,Georgia,1
Larry Kump,West Virginia,1
Larry Hicks,Wyoming,1
Lorissa Sweet,Indiana,1
Lowell Russell,Tennessee,1
Luke Meerman,Michigan,1
Lupe Diaz,Arizona,1
Lance Clow,Idaho,1
Julia Letlow,US,1
Judiciary,Idaho,1
Lindsay Patterson,Indiana,1
Gene Newman,Mississippi,1
Kathy Byron,Virginia,1
Jeremiah Moore,Arkansas,1
Jenniffer Gonzalez-Colon,US,1
Dina Neal,Nevada,1
Regina Birdsell,New Hampshire,1
Randy McNally,Tennessee,1
Randy Smith,West Virginia,1
Raye Felder,South Carolina,1
Raymond Crews,Louisiana,1
Reagan Paul,Maine,1
Matt Brown,Arkansas,1
Rebecca Burkes,Arkansas,1
Gary Howell,West Virginia,1
Rebecca Reimer,South Dakota,1
Gary Brewer,South Carolina,1
Garret Graves,US,1
George Wise,Kentucky,1
Garland Barr,US,1
Gabe Firment,Louisiana,1
Martin Graber,Iowa,1
Kathy Frelich,North Dakota,1
Martin Carbaugh,Indiana,1
Kathy Szeliga,Maryland,1
Katherine Prudhomme-O'Brien,New Hampshire,1
Kathie Crouse,West Virginia,1
Martin Momtahan,Georgia,1
Mark Pearson,New Hampshire,1
Ken Calvert,US,1
Ken Buck,US,1
Mark Ross,West Virginia,1
Mark Steffen,Kansas,1
Mark Tullos,Mississippi,1
Keith Self,US,1
Keith Murphy,New Hampshire,1
Markwayne Mullin,US,1
Keith Brooks,Arkansas,1
Marsha Blackburn,US,1
Keith Ammon,New Hampshire,1
Kay Kirkpatrick,Georgia,1
Katy Hall,Utah,1
Katrina Smith,Maine,1
Katie Boyd Britt,US,1
Linda Rogers,Indiana,1
Lauren Arikan,Maryland,1
Joseph Gullett,Georgia,1
Jerry Darnell,Mississippi,1
Jim Bolin,South Dakota,1
Mike Thompson,Kansas,1
Mike Garcia,US,1
Jill Dickman,Nevada,1
Mike Thompson,Mississippi,1
Mike Volz,Washington,1
Mike Vondran,Iowa,1
Jessica Bahmuller,South Dakota,1
Jerry Turner,Mississippi,1
Mitchell Scoggins,Georgia,1
John Carter,US,1
Monica De La Cruz,US,1
Jeremy England,Mississippi,1
Jim Thomas,Ohio,1
Jimmie Gazaway,Arkansas,1
John Curtis,US,1
Joey Fillingane,Mississippi,1
John Crawford,Tennessee,1
John Crane,Indiana,1
John Cosgrove,Virginia,1
Mike Reichenbach,South Carolina,1
Mike Lefor,North Dakota,1
Jim Hinebaugh,Maryland,1
Jim Kofalt,New Hampshire,1
Michael Hornby,West Virginia,1
Joseph D'Orsie,Pennsylvania,1
Joseph Chaplik,Arizona,1
Joseph Bustos,South Carolina,1
Jordan Redman,Idaho,1
Michael Kennedy,Utah,1
Jordan Maynor,West Virginia,1
Jonathan Pinson,West Virginia,1
Jonathan Dismang,Arkansas,1
Michael Lawler,US,1
Mike Bohacek,Indiana,1
John DiMaio,New Jersey,1
Jenny Graham,Washington,1
Mike Stuart,West Virginia,1
Mike Gaskill,Indiana,1
Jim Petty,Arkansas,1
Mike Hoadley,Michigan,1
Mike Kelly,US,1
Mike Kingsley,Idaho,1
Mike Carey,US,1
John Carr,Arkansas,1
Juan Ciscomani,US,1
Kevin Blackwell,Mississippi,1
Kevin Verville,New Hampshire,1
Mario Diaz-Balart,US,1
Mark Amodei,US,1
Kevin McDugle,Oklahoma,1
Kevin Mannix,Oregon,1
Kevin Jackson,Kentucky,1
Mark Fisher,Maryland,1
Marcus Molinaro,US,1
Kevin Ford,Mississippi,1
Mark Higley,Vermont,1
Mike Cierpiot,Missouri,1
Kevin Andrus,Idaho,1
Mark Lofgren,Iowa,1
Kenny Wroten,Idaho,1
Kenneth Davis,Maine,1
Mark McBride,Oklahoma,1
Mark Messmer,Indiana,1
Ken Upchurch,Kentucky,1
Kimberly Wallan,Oregon,1
Krista Knudsen,Minnesota,1
Marilyn Stark,Oklahoma,1
Marilyn John,Ohio,1
Kim King,Kentucky,1
Kim Thatcher,Oregon,1
John Bear,Wyoming,1
John Andrews,Maine,1
Mike Clampitt,North Carolina,1
Joey Carr,Arkansas,1
Joan Huffman,Texas,1
Joel McEntire,Washington,1
Joel Fry,Iowa,1
Joel Carter,Mississippi,1
Joe Wilson,US,1
Mike Crapo,US,1
Joe Hoxha,Connecticut,1
Joe Hamm,Pennsylvania,1
Joe Alfieri,Idaho,1
Mike Dwyer,North Dakota,1
Jody Arrington,US,1
Melissa Hardy,Nevada,1
Joshua Meggers,Iowa,1
Melanie Scheible,Nevada,1
Kevin Hornberger,Maryland,1
Reuben Tarver,Wyoming,1
Rex Shipp,Utah,1
Ric Metzgar,Maryland,1
Jeff Howe,Minnesota,1
Jeffery Magrum,North Dakota,1
Jeff Wardlaw,Arkansas,1
Natalie Zeleznikar,Minnesota,1
Nathan Toman,North Dakota,1
Jeff Stone,Nevada,1
Neal Pinnow,South Dakota,1
Nicholas Langworthy,US,1
Neil Friske,Michigan,1
Jeff LaRe,Ohio,1
Neil Hays,Oklahoma,1
Peggy Mayfield,Indiana,1
Jeff Hale,Mississippi,1
Jeff Ghrist,Maryland,1
Neil Whaley,Mississippi,1
Jeff Cornilles,Idaho,1
Jeb Bradley,New Hampshire,1
Nicholas Freitas,Virginia,1
James White,Maine,1
James Townsend,New Mexico,1
James Tomes,Indiana,1
Jeffrey Bradley,South Carolina,1
Myron Dossett,Kentucky,1
Jenifer Jones,New Mexico,1
Jennifer Balkcom,North Carolina,1
Jason Elliott,South Carolina,1
Jason Buckel,Maryland,1
Jason Barrett,Mississippi,1
Jay Webber,New Jersey,1
Jason Ballard,Virginia,1
Jason Anavitarte,Georgia,1
Jaron Crane,Idaho,1
Nikki McCarter,New Hampshire,1
Nino Mangione,Maryland,1
Norlin Mommsen,Iowa,1
Page Walley,Tennessee,1
Jane English,Arkansas,1
Jamie Burger,Missouri,1
Jami Cate,Oregon,1
Nicholaus Kipke,Maryland,1
Jean Schmidt,Ohio,1
Jeff Reichman,Iowa,1
Morgan Griffith,US,1
Howard Pearl,New Hampshire,1
Peggy Scott,Minnesota,1
Frank Niceley,Tennessee,1
Patricia Rucker,West Virginia,1
James Spillane,New Hampshire,1
James Risch,US,1
James Ohrenschall,Nevada,1
James Lankford,US,1
Pat Marsh,Tennessee,1
James Hoops,Ohio,1
James Holzapfel,New Jersey,1
Pat McGeehan,West Virginia,1
James Gray,New Hampshire,1
James Edmunds,Virginia,1
Jack Fortner,Arkansas,1
James DeSana,Michigan,1
James Comer,US,1
James Clampitt,North Carolina,1
Patricia Spearman,Nevada,1
James Buck,Indiana,1
James Baird,US,1
Patti Anderson,Minnesota,1
Jake Hoffman,Arizona,1
Paul Novotny,Minnesota,1
Jacob Laturner,US,1
Jacob Justice,Kentucky,1
Jacob Bossman,Iowa,1
Paul Schemel,Pennsylvania,1
Jack Bergman,US,1
Penry Gustafson,South Carolina,1
Pete Goicoechea,Nevada,1
J.D. Vance,US,1
Iris Rudder,Tennessee,1
Ira Hansen,Nevada,1
Hyland Fowler,Virginia,1
Howard Beaty,Arkansas,1
Pat Grassley,Iowa,1
Peter Flores,Texas,1
Henry Stone,Iowa,1
Helena Hayes,Iowa,1
Heidi Kasama,Nevada,1
Heather Scott,Idaho,1
Heather Hora,Iowa,1
Philip Berger,North Carolina,1
Nico Rios,North Dakota,1
Jason Smith,US,1
Nick Schroer,Missouri,1
Drew Ferguson,US,1
Glenn Thompson,US,1
RJ Hawk,Arkansas,1
Rachelle Smit,Michigan,1
Randall Patterson,Mississippi,1
Randy Boyd,Mississippi,1
Ginny Ehrhart,Georgia,1
Richard Cash,South Carolina,1
Evie Brennan,Wyoming,1
Monica Robb Blasdel,Ohio,1
Edgar Flores,Nevada,1
Nick Santucci,Ohio,1
Eddie Andrews,Iowa,1
Robert Duvall,Kentucky,1
Ed Lewis,Missouri,1
Ed Charbonneau,Indiana,1
Robert Henderson,Iowa,1
Robert Kauffman,Pennsylvania,1
Robert Leadbeter,Pennsylvania,1
Robert Nichols,Texas,1
Robert Orrock,Virginia,1
Glenneda Zuiderveld,Idaho,1
Gordon Rogers,Rhode Island,1
Grant Hodges,Arkansas,1
Frances Cavenaugh,Arkansas,1
Rich DeLong,Nevada,1
Forrest Chadwick,Wyoming,1
Randy Ligon,South Carolina,1
Randy Lemm,North Dakota,1
Richard McArthur,Nevada,1
Greg Hembree,South Carolina,1
Harold Corbin,North Carolina,1
Philip Moran,Mississippi,1
Phillip Lowe,South Carolina,1
Hardy Billington,Missouri,1
Guy Ward,West Virginia,1
Guy Reschenthaler,US,1
Gregory Koenig,Nevada,1
Greg Walker,Indiana,1
Price Wallace,Mississippi,1
Greg Murphy,US,1
Greg Dolezal,Georgia,1
Gil Gatch,South Carolina,1
Drew Darby,Texas,1
Riordan McClain,Ohio,1
Doyle Heffley,Pennsylvania,1
Eric Burlison,US,1
Ember Oakley,Wyoming,1
Ellen Campbell,Virginia,1
Rick Hillenbrand,West Virginia,1
Rick Jasperse,Georgia,1
Rick Lewis,Oregon,1
Elaine Price,Idaho,1
Rick Niemeyer,Indiana,1
Edward Thomson,New Jersey,1
Rick Scott,US,1
Ricky Williams,Georgia,1
Harry Niska,Minnesota,1
Harvey Peeler,South Carolina,1
Nicole Malliotakis,US,1
Nick Bain,Mississippi,1
Nick LaLota,US,1
Jay Jacobs,Maryland,1
Jay Edwards,Ohio,1
Emily Brewer,Virginia,1
Richard Yow,South Carolina,1
Douglas Dubitsky,Connecticut,1
Richard Womack,Arkansas,1
Douglas Broxson,Florida,1
Robin Grammer,Maryland,1
Robin Titus,Nevada,1
Rochelle Nguyen,Nevada,1
Rod Bockenfeld,Colorado,1
Roger Lynch,Arkansas,1
Donald Burkhart,Wyoming,1
Don Bacon,US,1
Robby Robbins,South Carolina,1
Lisa Keim,Maine,1
Evan Vickers,Utah,1
Emily McIntire,Oregon,1
Esther Helton-Haynes,Tennessee,1
Ernie Otten,South Dakota,1
Ernest Gonzales,US,1
Erin Pare,North Carolina,1
Richard McGrew,Arkansas,1
Erin Grall,Florida,1
Eric Tarr,West Virginia,1
Zack Gramlich,Arkansas,1
Joseph Pennacchio,New Jersey,1
Steve Massengill,Mississippi,1
Taylor Yarkosky,Florida,1
Darlene Taylor,Georgia,1
Scott Franklin,US,1
Danny Carroll,Kentucky,1
Scott Meyer,North Dakota,1
Danielle Gallant,Nevada,1
Daniel Webster,US,1
Daniel Singh,Wyoming,1
Daniel McCay,Utah,1
Charley Thomson,Iowa,1
Charles Wilson,Vermont,1
August Pfluger,US,1
Vince Mangold,Mississippi,1
Becky Currie,Mississippi,1
Bart Williams,Mississippi,1
Barry Moore,US,1
Vern Buchanan,US,1
Barrie Ciliberti,Maryland,1
Barbara Gleim,Pennsylvania,1
Austin Scott,US,1
Austin Mccollum,Arkansas,1
Charles Younger,Mississippi,1
Scott DeLano,Mississippi,1
Daryl Abbas,New Hampshire,1
Dave Deyoe,Iowa,1
Scott Smith,Wyoming,1
Dallas Harris,Nevada,1
Dale Hawkins,Idaho,1
Shane Massey,South Carolina,1
Shane Mekeland,Minnesota,1
Cyrus Western,Wyoming,1
Cyrus Javadi,Oregon,1
Cynthia Roe,Oklahoma,1
Cynthia Lummis,US,1
Daniel Elliott,Kentucky,1
Daniel Foreman,Idaho,1
David Alcos,Hawaii,1
Darren Thorne,West Virginia,1
David Adkins,West Virginia,1
David Abbott,Indiana,1
Dave Testerman,New Hampshire,1
Sarah Fowler Arthur,Ohio,1
Sarah Penn,Wyoming,1
Scott Alexander,Indiana,1
Vince Deeds,West Virginia,1
Ashley Hinson,US,1
Shane Martin,South Carolina,1
Trey Kelley,Georgia,1
Bert Gurr,Nevada,1
Bernie Satrom,North Dakota,1
Tyler Johnson,Indiana,1
Bernie Perryman,Minnesota,1
Travis Moore,South Carolina,1
Trent Kelly,US,1
Benjamin Suber,Mississippi,1
Benjamin Hymes,Maine,1
Ben Watson,Georgia,1
Trish Ladner,South Dakota,1
Ben Baker,Missouri,1
Ben Hornok,Wyoming,1
Ty Winter,Colorado,1
Anthony D'Esposito,US,1
Annette Sweeney,Iowa,1
Tomi Strock,Wyoming,1
William Rabon,North Carolina,1
William Gannon,New Hampshire,1
Alexis Hansen,Nevada,1
William Henderson,Wyoming,1
Tracy Richardson,Ohio,1
Bill Allemand,Wyoming,1
Bill Dean,Ohio,1
Tracy Cramer,Oregon,1
Arthur Peterson,Vermont,1
Art Robinson,Oregon,1
Arch Beal,South Dakota,1
April Rose,Maryland,1
April Fleming Miller,Maryland,1
Virgle Osborne,Oregon,1
Appropriations,Kansas,1
Vito Barbieri,Idaho,1
Anthony Hartsook,Colorado,1
Anthony Deluca,Rhode Island,1
Ben Adams,Idaho,1
Tyler McCaughn,Mississippi,1
Wade Andrews,Arkansas,1
Berny Jacques,Florida,1
Tony Furman,Arkansas,1
Tracey Mann,US,1
Bill Pigott,Mississippi,1
Bill Kinkade,Mississippi,1
Bill Huizenga,US,1
Dalton Banks,Wyoming,1
Dan Daley,Florida,1
Michael Griffith,Maryland,1
Stetson Painter,Arkansas,1
Stephen Goldfinch,South Carolina,1
Cindy O'Laughlin,Missouri,1
Stephen Meeks,Arkansas,1
Cindy Golding,Iowa,1
Stephenie Scialabba,Pennsylvania,1
Christopher Adams,Maryland,1
Chuck Horst,West Virginia,1
Shane Sirois,New Hampshire,1
Chuck Edwards,US,1
Christopher Murphy,South Carolina,1
Ryan Berger,Wyoming,1
Christopher Judy,Indiana,1
Christopher Bouchat,Maryland,1
Curtis Bramble,Utah,1
Daniel Innis,New Hampshire,1
Cyndi Buchheit-Courtway,Missouri,1
Cyndy Jacobsen,Washington,1
Dawn White,Tennessee,1
Dawn Keefer,Pennsylvania,1
David Zimmerman,Pennsylvania,1
Clark Stith,Wyoming,1
Stephanie Gricius,Utah,1
Stephanie Bice,US,1
Stephen Meredith,Kentucky,1
Steve Gooch,Georgia,1
Steve Green,Minnesota,1
Steve Harshman,Wyoming,1
Steve Hollowell,Arkansas,1
Steve Hopkins,Mississippi,1
Chris Hurt,Tennessee,1
Chris Head,Virginia,1
Steve Scalise,US,1
Chris Tomlinson,Maryland,1
Chris Cournoyer,Iowa,1
Chris Caughman,Mississippi,1
Chris Brown,Mississippi,1
Charlie Shepherd,Idaho,1
Charlie Geren,Texas,1
Steven Arentz,Maryland,1
Chris Sneed,Oklahoma,1
Steve Crowell,Arkansas,1
Stacy Jones,Wyoming,1
Ryan Armagost,Colorado,1
David Valadao,US,1
Shane Hudella,Minnesota,1
Ronald Caldwell,Arkansas,1
Dennis Linthicum,Oregon,1
Dean Jeffries,West Virginia,1
Ronnie Cromer,South Carolina,1
Dennis DeBar,Mississippi,1
Denise Ricciardi,New Hampshire,1
Ross Turner,South Carolina,1
Rudolph Yakym III,US,1
Debra DeSimone,New Hampshire,1
Rush Bricken,Tennessee,1
Ryan Nawrocki,Maryland,1
David Craven,North Carolina,1
Sandy Crawford,Missouri,1
Sara Carruthers,Ohio,1
Dan Bishop,US,1
Dana Criswell,Mississippi,1
Scott Talley,South Carolina,1
Dan Newhouse,US,1
Dan Meuser,US,1
Sean Kean,New Jersey,1
Ron Weinberg,Colorado,1
Derek Wulf,Iowa,1
Derrick Van Orden,US,1
Devon Wood,Iowa,1
David Rust,North Dakota,1
David Rowe,Pennsylvania,1
David Rouzer,US,1
David Ray,Arkansas,1
David Northrup,Wyoming,1
David Love,New Hampshire,1
David Kustoff,US,1
David Kull,South Dakota,1
David Knight,Georgia,1
David Hardin,Oklahoma,1
Sam Creekmore,Mississippi,1
David Friess,Illinois,1
Ruth Ward,New Hampshire,1
Dean Davis,Oklahoma,1
Russ Goodman,Georgia,1
Ronnie Campbell,Virginia,1
Rollan Roberts,West Virginia,1
Dewayne Pemberton,Oklahoma,1
Ron Ferguson,Ohio,1
Alexander Kolodin,Arizona,1
Alex Andrade,Florida,1
William Herbkersman,South Carolina,1
Brian Hibbetts,Nevada,1
Tom Walters,Wyoming,1
Blaise Ingoglia,Florida,1
Billy Hickman,Georgia,1
Timothy Lang,New Hampshire,1
Brandon Guffey,South Carolina,1
Brian Mast,US,1
Brett Guthrie,US,1
Thomas Jeneary,Iowa,1
Brian Lampton,Ohio,1
Thomas Jones,Pennsylvania,1
Breanne Davis,Arkansas,1
Brian Evans,Arkansas,1
Brian Chisholm,Maryland,1
Brian Buchanan,Indiana,1
Thomas McKay,Alaska,1
Thomas Patton,Ohio,1
Thomas Pope,South Carolina,1
Thomas Wright,Virginia,1
Brandon Ler,Montana,1
Thomas Young,South Carolina,1
Blake Tillery,Georgia,1
Bo Watson,Tennessee,1
Tom Moore,Iowa,1
Bob Long,Maryland,1
Brian Strickland,Georgia,1
Brian Mulder,South Dakota,1
Billy Garrett,South Carolina,1
Tom Fast,West Virginia,1
Brandon Achor,Arkansas,1
Brandi Bradley,Colorado,1
Brady Brammer,Utah,1
Brad Zaun,Iowa,1
Todd Jones,Georgia,1
Todd Morgan,Maryland,1
Todd Weiler,Utah,1
Tom Craddick,Texas,1
Brad Boles,Oklahoma,1
Tom Emmer,US,1
Bobby Levy,Oregon,1
Brandon Cox,South Carolina,1
Bobby Kaufmann,Iowa,1
Tom Hartnett,South Carolina,1
Bob Phalen,Montana,1
Brent Crane,Idaho,1
Braxton Mitchell,Montana,1
William Hewitt,South Carolina,1
Jon Eubanks,Arkansas,1
John Lamar,Mississippi,1
Michelle Strinden,North Dakota,1
John Kolb,Wyoming,1
John Kennedy,Georgia,1
Mike Beltran,Florida,1
John Joyce,US,1
John Johnson,Utah,1
John Holsclaw,Tennessee,1
Michael McLendon,Mississippi,1
John Fuller,Montana,1
Brandon Williams,US,1
Michael Hale,Tennessee,1
Michael Burgess,US,1
Joshua Branscum,Kentucky,1
Josh Williams,Ohio,1
Josh Miller,Arkansas,1
Josh Hawley,US,1
Michael Doherty,New Jersey,1
Josh Brecheen,US,1
Josh Bray,Kentucky,1
Michelle Steel,US,1
John Maddox,Arkansas,1
Michael McCaul,US,1
Michelle Fischbach,US,1
Brandon Storm,Kentucky,1
Tim Hicks,Tennessee,1
Tim Scott,US,1
Brandon Newton,South Carolina,1
Brandon Mitchell,Idaho,1
Diane Larson,North Dakota,1
Roger Marshall,US,1
John Moolenaar,US,1
Johnnie Turner,Kentucky,1
John Winter,Wyoming,1
John Wiik,South Dakota,1
John West,South Carolina,1
Michael Motschenbacher,North Dakota,1
John Schickel,Kentucky,1
John Rutherford,US,1
John Rose,US,1
Michael Soboleski,Maine,1
John Prescott,Indiana,1
Carl Martin,West Virginia,1
Tammy Townley,Oklahoma,1
Tammy Schmersal-Burgess,Maine,1
Wayne Hartman,Maryland,1
Walter Michel,Mississippi,1
Ann Wagner,US,1
Ann Kelley,Missouri,1
Anita Hall,West Virginia,1
Angie Button,Texas,1
Warren Davidson,US,1
Wayne Clark,West Virginia,1
Amy Regier,Montana,1
Wayne Harper,Utah,1
Andy Zay,Indiana,1
Tammy Nichols,Idaho,1
Andy Harris,US,1
Werner Reschke,Oregon,1
Wes Climer,South Carolina,1
Andrew Koenig,Missouri,1
Andrew Farmer,Tennessee,1
Andrew Chesney,Illinois,1
Andrea Reeb,New Mexico,1
Tommy Tuberville,US,1
Billy Calvert,Mississippi,1
Anna Scharf,Oregon,1
Anne Donahue,Vermont,1
Anne Ferrell Tata,Virginia,1
Anne Osmundson,Iowa,1
Albert Sommers,Wyoming,1
William Hixon,South Carolina,1
William Jackson,North Carolina,1
William Ridenour,West Virginia,1
Amanda Chase,Virginia,1
William Shorma,South Dakota,1
Adam Mathews,Ohio,1
Adam Holmes,Ohio,1
Adam Burkhammer,West Virginia,1
Adam Bird,Ohio,1
William Valentine,Maryland,1
William Wivell,Maryland,1
Aaron Pilkington,Arkansas,1
Zach Payne,Indiana,1
Zachary Nunn,US,1
Ally Seifried,Oklahoma,1
Weston Newton,South Carolina,1
Wallace Jordan,South Carolina,1
Angela Rigas,Michigan,1
Charles Scott,Wyoming,1
Thaddeus Yurek,Nevada,1
Teresa Reilly,Maryland,1
Taylor Collins,Iowa,1
Sue Lucas-Peterson,South Dakota,1
Charles Schwertner,Texas,1
Steven Bradley,Iowa,1
Charles Otto,Maryland,1
Charles McCall,Oklahoma,1
Steven Holt,Iowa,1
Charles Fleischmann,US,1
Steven Rudy,Kentucky,1
Stuart Schmidt,Maryland,1
Charlene Fite,Arkansas,1
Chad Puryear,Arkansas,1
Susan DuBose,Alabama,1
Tandy Darby,Tennessee,1
Cathy McMorris Rodgers,US,1
Cathrynn Brown,New Mexico,1
Susan McComas,Maryland,1
Carrie Gendreau,New Hampshire,1
Tamara Trujillo,Wyoming,1
Carlton Wing,Arkansas,1
Brian Seitz,Missouri,1
Ted Budd,US,1
Terri Williams,Vermont,1
Thomas Gerhold,Iowa,1
Terry Baker,Maryland,1
Cally Forrest,South Carolina,1
Byron Pelton,Colorado,1
Byron Donalds,US,1
Byron Callies,South Dakota,1
Terry Rice,Arkansas,1
Terry Roy,New Hampshire,1
Thaddeus Claggett,Ohio,1
Bryan Steil,US,1
Roger Williams,US,1
Thomas Alexander,South Carolina,1
Thomas Corbin,South Carolina,1
Bruce Westerman,US,1
Bruce Cozart,Arkansas,1
Bruce Borders,Indiana,1
Bruce Bannister,South Carolina,1
Brooke Boden,Iowa,1
Brock Martin,Tennessee,1
Brit McKenzie,Arkansas,1
Clinton Owlett,Pennsylvania,1