Sponsors,State,Number,Count
Aaron Aylward,South Dakota,"[""HB1116'"", ""'HB1125'"", ""'HB1208'"", ""'HB1080""]",4
Aaron Bean,US,"[""HB734'"", ""'HB5""]",2
Aaron Freeman,Indiana,"[""HB1407'"", ""'SB0480""]",2
Aaron Pilkington,Arkansas,['SB294'],1
Abby Angelos,Wyoming,"[""SF0159'"", ""'SF0133""]",2
Adam Anderson,Florida,"[""H1069'"", ""'H1069'"", ""'H1223""]",3
Adam Bird,Ohio,['HB68'],1
Adam Burkhammer,West Virginia,['HB3097'],1
Adam Holmes,Ohio,['HB68'],1
Adam Mathews,Ohio,['HB6'],1
Adam Morgan,South Carolina,"[""H3728'"", ""'H3485'"", ""'H3551'"", ""'H3551""]",4
Adrienne Southworth,Kentucky,"[""SB115'"", ""'SB102""]",2
Al Novstrup,South Dakota,"[""HB1116'"", ""'HB1080""]",2
Alan Clark,Arkansas,"[""SB294'"", ""'SB43'"", ""'HB1615""]",3
Alan Martinez,New Mexico,"[""HB490'"", ""'HB492""]",2
Alan Morgan,South Carolina,"[""H3728'"", ""'H3485'"", ""'H3551'"", ""'H3551""]",4
Albert Sommers,Wyoming,['SF0133'],1
Alessandro Cutrona,Ohio,"[""HB68'"", ""'HB6""]",2
Alex Andrade,Florida,['H0991'],1
Alexander Kolodin,Arizona,['HB2711'],1
Alexander Mooney,US,"[""HB734'"", ""'HB5""]",2
Alicia Lekas,New Hampshire,"[""HB396'"", ""'HB619""]",2
Ally Seifried,Oklahoma,['SB408'],1
Amanda Chase,Virginia,['SB791'],1
Amy Galey,North Carolina,['S49'],1
Amy Neighbors,Kentucky,"[""HB470'"", ""'HB177""]",2
Amy Regier,Montana,['HB303'],1
Andrea Reeb,New Mexico,['HM57'],1
Andrew Chesney,Illinois,['SB1659'],1
Andrew Clyde,US,"[""HR115'"", ""'HB1399""]",2
Andrew Farmer,Tennessee,['HB0239'],1
Andrew Koenig,Missouri,['SB49'],1
Andrew Marschall,North Dakota,"[""HB1332'"", ""'HB1333""]",2
Andrew Murr,Texas,"[""HB1155'"", ""'HB1686'"", ""'HB23""]",3
Andrew Ogles,US,"[""HR115'"", ""'HB5""]",2
Andy Biggs,US,"[""HB734'"", ""'HR115'"", ""'HB1399""]",3
Andy Zay,Indiana,['SB0480'],1
Angela Burks Hill,Mississippi,"[""SB2076'"", ""'SB2760'"", ""'SB2763'"", ""'SB2765'"", ""'SB2770'"", ""'SB2773'"", ""'SB2820""]",7
Angela King,Ohio,"[""HB68'"", ""'HB6""]",2
Angela Paxton,Texas,"[""SB14'"", ""'SB15""]",2
Angela Rigas,Michigan,['HB4257'],1
Angelia Orr,Texas,"[""HB1686'"", ""'HB23'"", ""'HB3164'"", ""'HB888""]",4
Anita Hall,West Virginia,['HB3176'],1
Ann Kelley,Missouri,['HB634'],1
Ann Wagner,US,['HB734'],1
Anna Luna,US,"[""HB734'"", ""'HR115'"", ""'HB1399'"", ""'HB5""]",4
Anna Novak,North Dakota,"[""HB1249'"", ""'HB1489'"", ""'HCR3010'"", ""'SB2260""]",4
Anna Scharf,Oregon,['SB897'],1
Anne Donahue,Vermont,['H0183'],1
Anne Ferrell Tata,Virginia,['HB1387'],1
Anne Osmundson,Iowa,['HF2'],1
Anne Thayer,South Carolina,"[""H3485'"", ""'H3551'"", ""'H3551""]",3
Annette Sweeney,Iowa,['SF83'],1
Anthony Bouchard,Wyoming,"[""SF0144'"", ""'SF0172""]",2
Anthony D'Esposito,US,['HB5'],1
Anthony Deluca,Rhode Island,['S0487'],1
Anthony Hartsook,Colorado,['HB1098'],1
Anthony Kern,Arizona,"[""SB1028'"", ""'SB1030'"", ""'SB1694""]",3
Appropriations,Kansas,['HB2436'],1
April Cromer,South Carolina,"[""H3485'"", ""'H3551'"", ""'H3551'"", ""'H3616""]",4
April Fleming Miller,Maryland,['HB359'],1
April Rose,Maryland,['HB359'],1
Arch Beal,South Dakota,['HB1125'],1
Art Robinson,Oregon,['SB897'],1
Arthur Peterson,Vermont,['H0183'],1
Ashley Hinson,US,['HB5'],1
Ashley Trantham,South Carolina,"[""H3485'"", ""'H3551'"", ""'H3551""]",3
August Pfluger,US,['HB734'],1
Austen Schauer,North Dakota,"[""SB2199'"", ""'SB2199'"", ""'HB1139""]",3
Austin Mccollum,Arkansas,['SB294'],1
Austin Scott,US,['HB734'],1
Barbara Gleim,Pennsylvania,['HB138'],1
Barrie Ciliberti,Maryland,['HB359'],1
Barry Crago,Wyoming,"[""HB0187'"", ""'SF0133""]",2
Barry Moore,US,['HB734'],1
Bart Hester,Arkansas,"[""SB294'"", ""'SB43""]",2
Bart Williams,Mississippi,['SB2760'],1
Becky Currie,Mississippi,['HB1127'],1
Ben Adams,Idaho,['H0071'],1
Ben Baker,Missouri,['HB494'],1
Ben Brown,Missouri,"[""SB49'"", ""'SB87""]",2
Ben Bumgarner,Texas,"[""HB1155'"", ""'HB1686'"", ""'HB2116'"", ""'HB23'"", ""'HB3164""]",5
Ben Cline,US,"[""HB734'"", ""'HR115'"", ""'HB5""]",3
Ben Gilmore,Arkansas,"[""SB270'"", ""'SB294'"", ""'SB43""]",3
Ben Hornok,Wyoming,['SF0144'],1
Ben Koppelman,North Dakota,"[""HB1249'"", ""'HB1297'"", ""'HB1333'"", ""'HB1474'"", ""'HB1489""]",5
Ben Krohmer,South Dakota,"[""HB1116'"", ""'HB1125'"", ""'HB1080""]",3
Ben Moss,North Carolina,['H43'],1
Ben Watson,Georgia,['SB140'],1
Benjamin Hymes,Maine,['LD678'],1
Benjamin Suber,Mississippi,['SB2760'],1
Bennie Cook,Missouri,"[""HB1364'"", ""'HB337""]",2
Benton Sawrey,North Carolina,['S49'],1
Bernard Willis,Ohio,"[""HB68'"", ""'HB6""]",2
Bernie Perryman,Minnesota,['HF551'],1
Bernie Satrom,North Dakota,['HB1139'],1
Berny Jacques,Florida,['H1421'],1
Beth Lear,Ohio,"[""HB68'"", ""'HB6""]",2
Bethanne McCarthy Patrick,New Jersey,"[""A1418'"", ""'A1630""]",2
Bethany Soye,South Dakota,"[""HB1116'"", ""'HB1125'"", ""'HB1080""]",3
Bill Allemand,Wyoming,['SF0111'],1
Bill Dean,Ohio,['HB68'],1
Bill Hansell,Oregon,"[""SB452'"", ""'SB453""]",2
Bill Huizenga,US,['HB5'],1
Bill Kinkade,Mississippi,['HB1125'],1
Bill Pigott,Mississippi,['HB1127'],1
Bill Posey,US,"[""HB734'"", ""'HB1399'"", ""'HB5""]",3
Bill Taylor,South Carolina,"[""H3728'"", ""'H3197""]",2
Bill Tveit,North Dakota,"[""HB1301'"", ""'SB2199'"", ""'SB2199'"", ""'HB1254'"", ""'HB1333""]",5
Bill Ward,North Carolina,['H43'],1
Bill Wiley,Virginia,"[""HB1387'"", ""'HB2432""]",2
Billy Calvert,Mississippi,['HB1127'],1
Billy Hickman,Georgia,['SB140'],1
Billy Wesley,Kentucky,"[""HB470'"", ""'HB173'"", ""'HB177'"", ""'HB30'"", ""'HB58'"", ""'HB585""]",6
Blaise Ingoglia,Florida,['S0952'],1
Blake Doriot,Indiana,"[""SB0480'"", ""'SB0413""]",2
Blake Johnson,Arkansas,"[""SB270'"", ""'SB294'"", ""'SB43""]",3
Blake Stephens,Oklahoma,"[""SB129'"", ""'SB613""]",2
Blake Tillery,Georgia,['SB140'],1
Bo Watson,Tennessee,['SB0003'],1
Bob Hall,Texas,"[""SB1029'"", ""'SB1082'"", ""'SB1198'"", ""'SB1443'"", ""'SB249'"", ""'SB250'"", ""'SB393'"", ""'SCR3'"", ""'SB14'"", ""'SB15""]",10
Bob Long,Maryland,['HB359'],1
Bob Paulson,North Dakota,"[""HB1301'"", ""'HB1249'"", ""'HB1473'"", ""'HB1489'"", ""'SB2260""]",5
Bob Phalen,Montana,['HB234'],1
Bobby Cox,South Carolina,"[""H3728'"", ""'H3485'"", ""'H3551'"", ""'H3551""]",4
Bobby Hanig,North Carolina,['S49'],1
Bobby Kaufmann,Iowa,['HF2'],1
Bobby Levy,Oregon,['SB897'],1
Bobby McCool,Kentucky,"[""HB470'"", ""'HB177'"", ""'HB30""]",3
Boomer Wright,Oregon,"[""HB2186'"", ""'SB897""]",2
Brad Boles,Oklahoma,['HB1947'],1
Brad Buckley,Texas,"[""HB1686'"", ""'HB23""]",2
Brad Finstad,US,"[""HB734'"", ""'HB5""]",2
Brad Hudson,Missouri,"[""HB419'"", ""'HB1157'"", ""'HB137""]",3
Brad Overcash,North Carolina,['S49'],1
Brad Wenstrup,US,"[""HB734'"", ""'HB5""]",2
Brad Zaun,Iowa,['SF83'],1
Brady Brammer,Utah,['SB0093'],1
Brady Williamson,Mississippi,"[""HB1127'"", ""'HB456'"", ""'HB576'"", ""'HB1125""]",4
Brandei Schaefbauer,South Dakota,"[""HB1116'"", ""'HB1080""]",2
Brandi Bradley,Colorado,['HB1098'],1
Brandon Achor,Arkansas,['SB294'],1
Brandon Beach,Georgia,"[""SB140'"", ""'SB88""]",2
Brandon Cox,South Carolina,['H3197'],1
Brandon Guffey,South Carolina,['H3485'],1
Brandon Ler,Montana,['HB361'],1
Brandon Mitchell,Idaho,['H0071'],1
Brandon Newton,South Carolina,['H3485'],1
Brandon Prichard,North Dakota,"[""HB1301'"", ""'HB1332'"", ""'HB1526'"", ""'HB1254'"", ""'HB1297'"", ""'HB1333'"", ""'HB1473'"", ""'HB1474""]",8
Brandon Reed,Kentucky,"[""HB470'"", ""'HB177'"", ""'HB30""]",3
Brandon Steele,West Virginia,"[""HB2125'"", ""'HB3097""]",2
Brandon Storm,Kentucky,['SB150'],1
Brandon Williams,US,['HB5'],1
Braxton Mitchell,Montana,['HB359'],1
Breanne Davis,Arkansas,['SB294'],1
Brent Crane,Idaho,['H0071'],1
Brent Hoffman,South Dakota,"[""HB1116'"", ""'HB1125'"", ""'HB1080""]",3
Brent Taylor,Tennessee,"[""SB0001'"", ""'SB0003""]",2
Brenton Awa,Hawaii,"[""SB1428'"", ""'SB1429""]",2
Brett Guthrie,US,['HB5'],1
Brian Adams,South Carolina,"[""S0234'"", ""'S0243'"", ""'S0424""]",3
Brian Babin,US,"[""HB1276'"", ""'HB1399'"", ""'HB5""]",3
Brian Birdwell,Texas,"[""SB14'"", ""'SB15""]",2
Brian Buchanan,Indiana,['SB0480'],1
Brian Chisholm,Maryland,['HB359'],1
Brian Evans,Arkansas,['SB294'],1
Brian Harrison,Texas,"[""HB1029'"", ""'HB1686'"", ""'HB23'"", ""'HB3164'"", ""'HB776'"", ""'HB3902""]",6
Brian Lampton,Ohio,['HB68'],1
Brian Lawson,South Carolina,"[""H3485'"", ""'H3551'"", ""'H3551""]",3
Brian Mast,US,['HB429'],1
Brian Mulder,South Dakota,['HB1116'],1
Brian Seitz,Missouri,['HB170'],1
Brian Stewart,Ohio,"[""HB68'"", ""'HB6""]",2
Brian Strickland,Georgia,['SB140'],1
Briscoe Cain,Texas,"[""HB1155'"", ""'HB1686'"", ""'HB1752'"", ""'HB23'"", ""'HB3164'"", ""'HB631'"", ""'HB888""]",7
Brit McKenzie,Arkansas,['SB294'],1
Brock Martin,Tennessee,['HB0001'],1
Brooke Boden,Iowa,['HF2'],1
Brooks Landgraf,Texas,"[""HB1686'"", ""'HB23""]",2
Bruce Bannister,South Carolina,['H3728'],1
Bruce Borders,Indiana,['HB1525'],1
Bruce Cozart,Arkansas,['SB294'],1
Bruce Westerman,US,['HB734'],1
Bryan Hughes,Texas,"[""SB476'"", ""'SB1690'"", ""'SB14'"", ""'SB15""]",4
Bryan Richey,Tennessee,"[""HB0001'"", ""'HB0009'"", ""'HB0030'"", ""'HB0878""]",4
Bryan Slaton,Texas,"[""HB1686'"", ""'HB23'"", ""'HB42'"", ""'HB4129""]",4
Bryan Steil,US,['HB5'],1
Bryce Reeves,Virginia,"[""SB1186'"", ""'SB1203'"", ""'SB960'"", ""'SB962""]",4
Buck Newton,North Carolina,['S49'],1
Bud Hulsey,Tennessee,"[""HB0001'"", ""'HB0878""]",2
Burgess Owens,US,"[""HB734'"", ""'HR115'"", ""'HB5""]",3
Byron Callies,South Dakota,['HB1080'],1
Byron Pelton,Colorado,['HB1098'],1
Caleb Hanna,West Virginia,"[""HB2923'"", ""'HB3503""]",2
Cally Forrest,South Carolina,['H3485'],1
Cameron Cooper,Arkansas,"[""SB294'"", ""'SB43'"", ""'HB1615""]",3
Cameron Sexton,Tennessee,"[""HB0001'"", ""'HB1215""]",2
Candy Massaroni,Kentucky,"[""HB470'"", ""'HB173'"", ""'HB177'"", ""'HB30""]",4
Candy Noble,Texas,"[""HB1155'"", ""'HB1686'"", ""'HB23'"", ""'HB3164'"", ""'HB888""]",5
Carden Summers,Georgia,"[""SB140'"", ""'SB141'"", ""'SB88""]",3
Carl Ford,North Carolina,['S49'],1
Carl Glimm,Montana,"[""SB413'"", ""'SB458""]",2
Carl Martin,West Virginia,['HB3097'],1
Carl Perry,South Dakota,"[""HB1116'"", ""'HB1125'"", ""'HB1208'"", ""'HCR6008'"", ""'HB1080""]",5
Carl Tepper,Texas,"[""HB1155'"", ""'HB1686'"", ""'HB23'"", ""'HB3164""]",4
Carlos Gimenez,US,"[""HB734'"", ""'HB5""]",2
Carlton Wing,Arkansas,['SB294'],1
Caroline Harris,Texas,"[""HB1155'"", ""'HB1686'"", ""'HB23""]",3
Carrie Gendreau,New Hampshire,['SB272'],1
Carrie Isaac,Texas,"[""HB1155'"", ""'HB1686'"", ""'HB23'"", ""'HB3164'"", ""'HB888""]",5
Carson Smith,North Carolina,['H43'],1
Casey Murdock,Oklahoma,"[""SB131'"", ""'SB30""]",2
Cathrynn Brown,New Mexico,['HM57'],1
Cathy McMorris Rodgers,US,['HB5'],1
Cecil Bell,Texas,"[""HB1686'"", ""'HB23""]",2
Celeste Cairns,North Carolina,['H43'],1
Chad Puryear,Arkansas,['SB294'],1
Charlene Fite,Arkansas,['SB294'],1
Charles Anderson,Texas,"[""HB1686'"", ""'HB1952'"", ""'HB23'"", ""'HB3164'"", ""'HB888""]",5
Charles Creighton,Texas,"[""SB649'"", ""'SB15""]",2
Charles Cunningham,Texas,"[""HB1686'"", ""'HB23""]",2
Charles Fleischmann,US,['HB734'],1
Charles Horst,West Virginia,"[""HB3176'"", ""'HB3503""]",2
Charles McCall,Oklahoma,['HB1947'],1
Charles Otto,Maryland,['HB359'],1
Charles Perry,Texas,"[""SB1029'"", ""'SB162'"", ""'SB249'"", ""'SB250'"", ""'SB649'"", ""'SB14'"", ""'SB15""]",7
Charles Schwertner,Texas,['SB15'],1
Charles Scott,Wyoming,['SF0111'],1
Charles Wilson,Vermont,['H0183'],1
Charles Younger,Mississippi,['SB2760'],1
Charley Thomson,Iowa,['HF2'],1
Charlie Baum,Tennessee,"[""HB0001'"", ""'HB0009""]",2
Charlie Geren,Texas,['HB1686'],1
Charlie Shepherd,Idaho,['H0071'],1
Cheri Steinmetz,Wyoming,"[""SF0111'"", ""'SF0159'"", ""'SF0133""]",3
Cherielynn Westrich,Iowa,"[""SF83'"", ""'SF110'"", ""'SF335""]",3
Choice & Innovation Subcommittee,Florida,['H1223'],1
Chris Brown,Mississippi,['HB1125'],1
Chris Caughman,Mississippi,['SB2760'],1
Chris Cournoyer,Iowa,['SF83'],1
Chris Freeland,Kentucky,"[""HB177'"", ""'HB30""]",2
Chris Fugate,Kentucky,"[""HB470'"", ""'HB173'"", ""'HB177'"", ""'HB30""]",4
Chris Head,Virginia,['HB1387'],1
Chris Hurt,Tennessee,['HB0571'],1
Chris Jeter,Indiana,"[""HB1407'"", ""'HB1608""]",2
Chris Karr,South Dakota,"[""HB1116'"", ""'HB1125'"", ""'HB1080""]",3
Chris McDaniel,Mississippi,"[""SB2760'"", ""'SB2764'"", ""'SB2861'"", ""'SB2864""]",4
Chris Phillips,West Virginia,"[""HB3097'"", ""'HB3503""]",2
Chris Pritt,West Virginia,"[""HB2923'"", ""'HB2972'"", ""'HB2998'"", ""'HB3001'"", ""'HB3503""]",5
Chris Runion,Virginia,"[""HB1387'"", ""'HB2432""]",2
Chris Sneed,Oklahoma,['HB1466'],1
Chris Todd,Tennessee,"[""HB0001'"", ""'HB0009'"", ""'HB0030'"", ""'HB0878'"", ""'HB1414""]",5
Chris Tomlinson,Maryland,['HB359'],1
Christine Goodwin,Oregon,"[""HB2186'"", ""'HB2477'"", ""'HB3137'"", ""'SB897""]",4
Christopher Adams,Maryland,['HB359'],1
Christopher Bouchat,Maryland,['HB359'],1
Christopher DePhillips,New Jersey,"[""A1418'"", ""'A3883""]",2
Christopher Judy,Indiana,['HB1220'],1
Christopher Murphy,South Carolina,['H3197'],1
Christopher Smith,US,"[""HB734'"", ""'HB5""]",2
Christopher Wooten,South Carolina,"[""H3551'"", ""'H3551""]",2
Chuck Edwards,US,['HB5'],1
Chuck Horst,West Virginia,['HB2007'],1
Chuck Payne,Georgia,"[""SB140'"", ""'SB88""]",2
Cindy Crawford,Arkansas,"[""HB1156'"", ""'SB270'"", ""'SB294'"", ""'SB43'"", ""'HB1468'"", ""'HB1615""]",6
Cindy Golding,Iowa,['HF2'],1
Cindy Hyde-Smith,US,"[""SB200'"", ""'SR53""]",2
Cindy O'Laughlin,Missouri,['SB49'],1
Claire Cory,North Dakota,"[""HB1249'"", ""'SB2231""]",2
Clarence Styvar,Wyoming,"[""SF0111'"", ""'SF0133""]",2
Clark Boyd,Tennessee,"[""HB0001'"", ""'HB0571""]",2
Clark Stith,Wyoming,['HB0187'],1
Claudia Tenney,US,"[""HB734'"", ""'HR115'"", ""'HB5""]",3
Clay Doggett,Tennessee,"[""HB0001'"", ""'HB0030""]",2
Clay Higgins,US,"[""HB734'"", ""'HB1399'"", ""'HB5""]",3
Clay Yarborough,Florida,"[""S0254'"", ""'S1320""]",2
Clint Dixon,Georgia,"[""SB140'"", ""'SB141'"", ""'SB88""]",3
Clint Penzo,Arkansas,"[""SB294'"", ""'SB43""]",2
Clinton Owlett,Pennsylvania,['HB138'],1
Cody Harris,Texas,"[""HB1155'"", ""'HB1686'"", ""'HB23'"", ""'HB3164""]",4
Cody Maynard,Oklahoma,['HB2177'],1
Cody Rogers,Oklahoma,"[""SB408'"", ""'SB613'"", ""'SB131'"", ""'SB30""]",4
Cody Vasut,Texas,"[""HB1155'"", ""'HB1686'"", ""'HB23'"", ""'HB3164""]",4
Cole Christensen,North Dakota,"[""HB1474'"", ""'HB1522""]",2
Cole Conley,North Dakota,['HB1139'],1
Cole Hefner,Texas,"[""HB1155'"", ""'HB1686'"", ""'HB23'"", ""'HB3164'"", ""'HB672""]",5
Colin Jack,Utah,['HB0329'],1
Collin Duel,Oklahoma,['HB2736'],1
Colton Moore,Georgia,"[""SB140'"", ""'SB141'"", ""'SB88""]",3
Cory McGarr,Arizona,"[""SB1694'"", ""'SB1700'"", ""'HB2312'"", ""'SB1698'"", ""'SB1702""]",5
Craig Goldman,Texas,"[""HB1686'"", ""'HB23""]",2
Craig Johnson,Iowa,['HF2'],1
Craig Staats,Pennsylvania,['HB138'],1
Curtis Bramble,Utah,['HB0228'],1
Curtis Trent,Missouri,"[""SB39'"", ""'SB49""]",2
Cyndi Buchheit-Courtway,Missouri,['HB916'],1
Cyndy Jacobsen,Washington,['HB1233'],1
Cynthia Lummis,US,['SR53'],1
Cynthia Roe,Oklahoma,['HB1449'],1
Cyrus Javadi,Oregon,['HB3137'],1
Cyrus Western,Wyoming,['HB0187'],1
D. J. Swearingen,Ohio,"[""HB68'"", ""'HB8""]",2
DJ Johnson,Kentucky,"[""HB470'"", ""'HB177'"", ""'HB30""]",3
Dale DeVon,Indiana,"[""HB1407'"", ""'HB1220""]",2
Dale Hawkins,Idaho,['H0071'],1
Dallas Harris,Nevada,['SB302'],1
Dalton Banks,Wyoming,['SF0111'],1
Dan Bishop,US,['HB429'],1
Dan Crenshaw,US,"[""HB734'"", ""'HB5""]",2
Dan Daley,Florida,['H1269'],1
Dan Dockstader,Wyoming,"[""SF0117'"", ""'SF0133""]",2
Dan Eubanks,Mississippi,"[""HB1258'"", ""'HB1125""]",2
Dan Howell,Tennessee,"[""HB0001'"", ""'HB0009'"", ""'HB0030'"", ""'HB0878""]",4
Dan Laursen,Wyoming,"[""SF0144'"", ""'SF0172""]",2
Dan Meuser,US,['HB5'],1
Dan Newhouse,US,['HB5'],1
Dan Ruby,North Dakota,"[""HB1332'"", ""'HB1297'"", ""'HB1333""]",3
Dan Sullivan,Arkansas,"[""HB1156'"", ""'SB294'"", ""'SB43""]",3
Dana Criswell,Mississippi,['HB1099'],1
Daniel Elliott,Kentucky,['HB470'],1
Daniel Fister,Kentucky,"[""HB470'"", ""'HB177'"", ""'HB30""]",3
Daniel Foreman,Idaho,['H0071'],1
Daniel Gibson,South Carolina,"[""H3551'"", ""'H3551""]",2
Daniel Innis,New Hampshire,['SB272'],1
Daniel McCay,Utah,['SB0093'],1
Daniel Singh,Wyoming,['SF0172'],1
Daniel Webster,US,['HB734'],1
Danny Bentley,Kentucky,"[""HB177'"", ""'HB30""]",2
Danny Carroll,Kentucky,['SB150'],1
Danny Verdin,South Carolina,"[""S0274'"", ""'S0276'"", ""'S0364'"", ""'S0623'"", ""'S0624""]",5
Danny Watson,Arkansas,"[""SB294'"", ""'HB1615""]",2
Danny Williams,Oklahoma,"[""HB2546'"", ""'HB1781""]",2
Darin LaHood,US,"[""HB734'"", ""'HB5""]",2
Darlene Taylor,Georgia,['HB653'],1
Darrell Kick,Ohio,"[""HB68'"", ""'HB6""]",2
Darren Thorne,West Virginia,['HB3176'],1
Daryl Abbas,New Hampshire,['SB272'],1
Dave Deyoe,Iowa,['HF2'],1
Dave LaRock,Virginia,"[""HB1387'"", ""'HB2432""]",2
Dave Murman,Nebraska,"[""LB371'"", ""'LB810""]",2
Dave Rowley,Iowa,"[""SF83'"", ""'SF110""]",2
Dave Testerman,New Hampshire,['HB417'],1
David Abbott,Indiana,['HB1231'],1
David Adkins,West Virginia,['HB2007'],1
David Alcos,Hawaii,['HB291'],1
David Bullard,Oklahoma,"[""HB2186'"", ""'SB129'"", ""'SB408'"", ""'HB2177'"", ""'SB613'"", ""'SB866""]",6
David Clemens,North Dakota,"[""SB2199'"", ""'SB2199'"", ""'HB1139'"", ""'HB1254'"", ""'HB1297""]",5
David Cook,Texas,"[""HB1155'"", ""'HB1686'"", ""'HB23'"", ""'HB3164""]",4
David Friess,Illinois,['HB1562'],1
David Hale,Kentucky,"[""HB470'"", ""'HB173'"", ""'HB177'"", ""'HB30""]",4
David Hardin,Oklahoma,['SB613'],1
David Hawk,Tennessee,"[""HB0001'"", ""'HB0009""]",2
David Kull,South Dakota,['HB1080'],1
David Kustoff,US,['HB5'],1
David Love,New Hampshire,['HB619'],1
David Northrup,Wyoming,['HB0187'],1
David O'Neal,South Carolina,"[""H3485'"", ""'H3551'"", ""'H3551'"", ""'H3616""]",4
David Ray,Arkansas,['SB294'],1
David Rouzer,US,['HB5'],1
David Rowe,Pennsylvania,['HB138'],1
David Rust,North Dakota,['HB1139'],1
David Smith,Oregon,"[""HB2186'"", ""'SB749'"", ""'SB897""]",3
David Spiller,Texas,"[""HB1155'"", ""'HB122'"", ""'HB1686'"", ""'HB23'"", ""'HB3164'"", ""'HB41'"", ""'HB888'"", ""'HB3902""]",8
David Valadao,US,['HB5'],1
David Vaughan,South Carolina,"[""H3197'"", ""'H3551'"", ""'H3551""]",3
David Wallace,Arkansas,"[""SB270'"", ""'SB294""]",2
David Willis,North Carolina,['H43'],1
David Zimmerman,Pennsylvania,['HB138'],1
Dawn Keefer,Pennsylvania,['HB138'],1
Dawn White,Tennessee,['SB0001'],1
DeAnna Hodges,Arkansas,"[""HB1156'"", ""'SB43""]",2
Dean Black,Florida,"[""H0991'"", ""'H1223'"", ""'H1421'"", ""'H1521""]",4
Dean Davis,Oklahoma,['HB1947'],1
Dean Fisher,Iowa,"[""HF2'"", ""'HF290""]",2
Dean Jeffries,West Virginia,['HB3097'],1
Deanna Frazier Gordon,Kentucky,"[""HB470'"", ""'HB177""]",2
Debbie Lesko,US,"[""HB734'"", ""'HR115'"", ""'HB1399'"", ""'HB5""]",4
Debra DeSimone,New Hampshire,['HB396'],1
Debra Moody,Tennessee,"[""HB0001'"", ""'HB0009'"", ""'HB0030'"", ""'HB0878""]",4
Delia Haak,Arkansas,"[""SB294'"", ""'SB43""]",2
Denise Hader,Oklahoma,"[""HB1449'"", ""'HB2177""]",2
Denise Ricciardi,New Hampshire,['SB272'],1
Dennis Biteman,Wyoming,"[""SF0159'"", ""'SF0172'"", ""'SF0133""]",3
Dennis DeBar,Mississippi,['SB2760'],1
Dennis Guth,Iowa,"[""SF83'"", ""'SF110""]",2
Dennis Linthicum,Oregon,['SB897'],1
Dennis Paul,Texas,"[""HB1686'"", ""'HB23""]",2
Dennis Powers,Tennessee,"[""HB0001'"", ""'HB0009'"", ""'HB1269'"", ""'HB0030""]",4
Denny Hoskins,Missouri,"[""SB39'"", ""'SB49'"", ""'SB2'"", ""'SB236""]",4
Derek Merrin,Ohio,"[""HB68'"", ""'HB6""]",2
Derek Wulf,Iowa,['HF2'],1
Derrick Van Orden,US,['HB5'],1
Devon Wood,Iowa,['HF2'],1
Dewayne Burns,Texas,"[""HB1686'"", ""'HB23""]",2
Diamond Garcia,Hawaii,"[""HB508'"", ""'HB509'"", ""'HB891""]",3
Diana Harshbarger,US,"[""HB734'"", ""'HR115'"", ""'HB1399'"", ""'HB5""]",4
Diane Larson,North Dakota,['HB1249'],1
Dick Anderson,North Dakota,"[""HB1254'"", ""'HB1474""]",2
Dick Stein,Ohio,"[""HB68'"", ""'HB6""]",2
Dina Neal,Nevada,['SB302'],1
Donald Burkhart,Wyoming,['SF0159'],1
Donald McCabe,South Carolina,"[""H3485'"", ""'H3551'"", ""'H3551""]",3
Donna Campbell,Texas,"[""SB249'"", ""'SB250'"", ""'SB625'"", ""'SCR3'"", ""'SB14'"", ""'SB15""]",6
Donna Henderson,North Dakota,"[""HB1473'"", ""'HCR3010""]",2
Donnie Loftis,North Carolina,['H43'],1
Doug Bankson,Florida,"[""H1223'"", ""'H1421""]",2
Doug Gilliam,South Carolina,"[""H3197'"", ""'H3485'"", ""'H3551'"", ""'H3551'"", ""'H3564'"", ""'H3565""]",6
Doug LaMalfa,US,"[""HB734'"", ""'HR115'"", ""'HB5""]",3
Doug Lamborn,US,"[""HB429'"", ""'HB1399'"", ""'HB5""]",3
Douglas Broxson,Florida,['S0254'],1
Douglas Dubitsky,Connecticut,['HB06213'],1
Doyle Heffley,Pennsylvania,['HB138'],1
Drew Darby,Texas,['HB23'],1
Drew Ferguson,US,['HB5'],1
Drew Springer,Texas,"[""SB14'"", ""'SB15""]",2
Dusty Johnson,US,['HB5'],1
Dwight Loftis,South Carolina,['S0234'],1
Dwight Tosh,Arkansas,"[""HB1156'"", ""'SB43""]",2
Earl Carter,US,"[""HB734'"", ""'HR115'"", ""'HB5""]",3
Ed  Diehl,Oregon,"[""HB2186'"", ""'HB2477'"", ""'HB3137""]",3
Ed Butler,Tennessee,"[""HB0001'"", ""'HB0009'"", ""'HB0030'"", ""'HB0878'"", ""'HB0571""]",5
Ed Charbonneau,Indiana,['SB0480'],1
Ed Lewis,Missouri,['HB192'],1
Ed Setzler,Georgia,"[""SB140'"", ""'SB141""]",2
Ed Thompson,Texas,"[""HB1686'"", ""'HB23""]",2
Eddie Andrews,Iowa,['HF2'],1
Eddie Settle,North Carolina,['S49'],1
Edgar Flores,Nevada,['SB302'],1
Education,Iowa,"[""HF348'"", ""'HF616'"", ""'HF620'"", ""'HSB222'"", ""'SF482'"", ""'SF496'"", ""'HF180'"", ""'HF180""]",8
Education,Kansas,"[""HB2238'"", ""'SB207""]",2
Education & Employment Committee,Florida,"[""H1069'"", ""'H1069""]",2
Education Committee,Idaho,['S1100'],1
Education Pre-K -12,Florida,['S1320'],1
Education Quality Subcommittee,Florida,"[""H1069'"", ""'H1069""]",2
Edward Durr,New Jersey,"[""S2648'"", ""'S3076'"", ""'S585'"", ""'S589""]",4
Edward Jackson,Tennessee,"[""SB0001'"", ""'SB0003""]",2
Edward Thomson,New Jersey,['A3883'],1
Elaine Davis,Tennessee,"[""HB0001'"", ""'HB0009'"", ""'HB0571""]",3
Elaine Gannon,Missouri,"[""SB39'"", ""'SB49""]",2
Elaine Morgan,Rhode Island,"[""S0391'"", ""'S0487""]",2
Elaine Price,Idaho,['H0071'],1
Elias Coop-Gonzalez,West Virginia,"[""HB2007'"", ""'HB3503""]",2
Elise Stefanik,US,"[""HB734'"", ""'HB5""]",2
Elizabeth May,South Dakota,"[""HB1116'"", ""'HB1125'"", ""'HB1208'"", ""'HB1080""]",4
Ellen Campbell,Virginia,['HB1707'],1
Ellen Troxclair,Texas,"[""HB1155'"", ""'HB1686'"", ""'HB23'"", ""'HB3164'"", ""'HB888'"", ""'HB3883""]",6
Ember Oakley,Wyoming,['HB0187'],1
Emily Brewer,Virginia,['HB1387'],1
Emily Callaway,Kentucky,"[""HB470'"", ""'HB173'"", ""'HB177""]",3
Emily McIntire,Oregon,['HB2186'],1
Eric Brooks,West Virginia,"[""HB2007'"", ""'HB3097""]",2
Eric Crawford,US,"[""HB734'"", ""'HB5""]",2
Eric Lucero,Minnesota,"[""SF311'"", ""'SF933""]",2
Eric Tarr,West Virginia,['SB103'],1
Erik Peterson,New Jersey,"[""A1418'"", ""'A1630'"", ""'A4042""]",3
Erin Grall,Florida,['S1674'],1
Erin Houchin,US,"[""HB734'"", ""'HB5""]",2
Ernest Bailes,Texas,['HB23'],1
Ernest Gonzales,US,['HB5'],1
Ernie Otten,South Dakota,['HB1080'],1
Esther Helton-Haynes,Tennessee,['HB0001'],1
Evan Vickers,Utah,['HB0329'],1
Evie Brennan,Wyoming,['SF0111'],1
Federal and State Affairs,Kansas,"[""SB233'"", ""'HB2404'"", ""'HB2427'"", ""'SB149'"", ""'SB201'"", ""'SB224'"", ""'SB255'"", ""'SB291""]",8
Felicia Rabourn,Kentucky,"[""HB120'"", ""'HB177""]",2
Ferrell Haile,Tennessee,"[""SB0001'"", ""'SB0003'"", ""'SB0466""]",3
Forrest Chadwick,Wyoming,['SF0111'],1
Four Price,Texas,['HB23'],1
Frances Cavenaugh,Arkansas,['SB294'],1
Frank Niceley,Tennessee,['SB0003'],1
Frank Sossamon,North Carolina,['H43'],1
Fred Deutsch,South Dakota,"[""HB1116'"", ""'HB1125'"", ""'HB1080""]",3
Fred Shanks,Mississippi,"[""HB1127'"", ""'HB1480""]",2
Frederick Frazier,Texas,"[""HB1686'"", ""'HB23'"", ""'HB3164""]",3
Garland Barr,US,['HB734'],1
Garret Graves,US,['HB5'],1
Gary Boswell,Kentucky,"[""SB115'"", ""'SB150'"", ""'SB102""]",3
Gary Brewer,South Carolina,['H3197'],1
Gary Byrne,Indiana,"[""HB1608'"", ""'SB0480'"", ""'SB0351'"", ""'SB0413""]",4
Gary Click,Ohio,"[""HB68'"", ""'HB6""]",2
Gary Gates,Texas,"[""HB1155'"", ""'HB1686'"", ""'HB23'"", ""'HB3164""]",4
Gary Howell,West Virginia,['HB3176'],1
Gary Stubblefield,Arkansas,"[""SB199'"", ""'SB294'"", ""'SB43'"", ""'HB1615""]",4
Gary Vandeaver,Texas,"[""HB1686'"", ""'HB23'"", ""'HB3164""]",3
Geanie Morrison,Texas,"[""HB1686'"", ""'HB23""]",2
Gene Newman,Mississippi,['HB1125'],1
Geno Chiarelli,West Virginia,"[""HB2007'"", ""'HB2923'"", ""'HB2972'"", ""'HB2998'"", ""'HB3001""]",5
Geoff Foster,West Virginia,"[""HB2007'"", ""'HB3097""]",2
George Burns,Oklahoma,"[""SB129'"", ""'SB613'"", ""'SB131'"", ""'SB250'"", ""'SB251'"", ""'SB252'"", ""'SB30""]",7
George Campsen,South Carolina,['S0234'],1
George Cleveland,North Carolina,['H43'],1
George Santos,US,"[""HB734'"", ""'HR115'"", ""'HB5""]",3
George Wise,Kentucky,['SB150'],1
Gerard Scharfenberger,New Jersey,"[""A1418'"", ""'A1630""]",2
Gex Williams,Kentucky,"[""SB115'"", ""'SB150'"", ""'SB102""]",3
Gil Gatch,South Carolina,['H3197'],1
Ginny Ehrhart,Georgia,['HB653'],1
Gino Bulso,Tennessee,"[""HB0001'"", ""'HB0009'"", ""'HB0239'"", ""'HB0306'"", ""'HB0878""]",5
Giovanni Capriglione,Texas,"[""HB1686'"", ""'HB23'"", ""'HB3164""]",3
Glenn Grothman,US,"[""HB1276'"", ""'HB1399'"", ""'HB5""]",3
Glenn Gruenhagen,Minnesota,"[""SF311'"", ""'SF933""]",2
Glenn Rogers,Texas,"[""HB1686'"", ""'HB23'"", ""'HB888""]",3
Glenn Thompson,US,['HB5'],1
Glenneda Zuiderveld,Idaho,['H0071'],1
Gordon Rogers,Rhode Island,['S0487'],1
Grant Hodges,Arkansas,['SB294'],1
Greg Bonnen,Texas,"[""HB1686'"", ""'HB23'"", ""'HB4378""]",3
Greg Dolezal,Georgia,['SB141'],1
Greg Murphy,US,['HB734'],1
Greg Steube,US,"[""HB734'"", ""'HR115'"", ""'HB1399'"", ""'HB5'"", ""'HB985""]",5
Greg Vital,Tennessee,"[""HB0001'"", ""'HB0009""]",2
Greg Walker,Indiana,['SB0480'],1
Gregory McGuckin,New Jersey,"[""A1418'"", ""'A1630""]",2
Guy Reschenthaler,US,['HB5'],1
Guy Ward,West Virginia,['HB2007'],1
Hardy Billington,Missouri,['HB1258'],1
Harlan Breaux,Arkansas,"[""SB294'"", ""'HB1468""]",2
Harlan Vincent,New Mexico,"[""HB490'"", ""'HB492'"", ""'HM57""]",3
Harold Corbin,North Carolina,['S49'],1
Harriet Hageman,US,"[""HB734'"", ""'HR115'"", ""'HB1399'"", ""'HB5""]",4
Harry Niska,Minnesota,['HF551'],1
Health And Human Services,Iowa,['SF538'],1
Health Policy,Florida,['S0254'],1
Healthcare Regulation Subcommittee,Florida,['H1421'],1
Heather Crawford,South Carolina,"[""H3551'"", ""'H3551""]",2
Heather Hora,Iowa,['HF2'],1
Heather Scott,Idaho,['H0071'],1
Helena Hayes,Iowa,['HF482'],1
Henry Dillon,West Virginia,"[""HB3176'"", ""'HB3183""]",2
Henry Stone,Iowa,['HF2'],1
Holly Thompson Rehder,Missouri,"[""SB39'"", ""'SB49""]",2
Howard Beaty,Arkansas,['SB294'],1
Howard Pearl,New Hampshire,['SB272'],1
Hugh Shine,Texas,"[""HB1686'"", ""'HB23""]",2
Hyland Fowler,Virginia,['HB1387'],1
Iris Rudder,Tennessee,['HB0001'],1
J.D. Vance,US,['SB635'],1
J.M. Lozano,Texas,"[""HB1155'"", ""'HB1686'"", ""'HB23""]",3
Jacey Jetton,Texas,"[""HB1686'"", ""'HB23'"", ""'HB3164""]",3
Jack Bergman,US,['HB734'],1
Jack Fortner,Arkansas,['SB294'],1
Jack Johnson,Tennessee,"[""SB0001'"", ""'SB0003'"", ""'SB1469""]",3
Jack Ladyman,Arkansas,"[""HB1156'"", ""'SB43""]",2
Jack Sandlin,Indiana,"[""SB0480'"", ""'SB0351""]",2
Jacob Bossman,Iowa,['HF2'],1
Jacob Justice,Kentucky,['HB177'],1
Jacob Laturner,US,['HB5'],1
Jacyn Gallagher,Idaho,['H0071'],1
Jake Ellzey,US,"[""HB734'"", ""'HR115'"", ""'HB5""]",3
Jake Hoffman,Arizona,['SB1694'],1
Jake Johnson,North Carolina,['H43'],1
Jake McCalmon,Tennessee,"[""HB0001'"", ""'HB0009'"", ""'HB0030'"", ""'HB0878""]",4
Jake Teshka,Indiana,"[""HB1608'"", ""'SB0480'"", ""'HB1220'"", ""'HB1346""]",4
James Adams,North Carolina,['H43'],1
James Baird,US,['HB5'],1
James Buck,Indiana,['SB0480'],1
James Burns,South Carolina,"[""H3728'"", ""'H3197'"", ""'H3485'"", ""'H3551'"", ""'H3551'"", ""'H3564'"", ""'H3565'"", ""'H3827""]",8
James Clampitt,North Carolina,['H43'],1
James Comer,US,['HB734'],1
James DeSana,Michigan,['HB4257'],1
James Edmunds,Virginia,['HB1387'],1
James Frank,Texas,"[""HB1686'"", ""'HB23'"", ""'HB3164""]",3
James Gray,New Hampshire,['SB272'],1
James Hieb,Oregon,"[""HB3137'"", ""'SB897""]",2
James Holzapfel,New Jersey,['S589'],1
James Hoops,Ohio,['HB68'],1
James Kasper,North Dakota,"[""HB1249'"", ""'HB1297'"", ""'HB1474""]",3
James Lankford,US,['SB635'],1
James Ohrenschall,Nevada,['SB302'],1
James Risch,US,['SB200'],1
James Spillane,New Hampshire,['HB619'],1
James Tipton,Kentucky,"[""HB470'"", ""'HB177'"", ""'HB30""]",3
James Tomes,Indiana,['SB0480'],1
James Townsend,New Mexico,['HB490'],1
James White,Maine,['LD678'],1
Jami Cate,Oregon,['SB897'],1
Jamie Burger,Missouri,['HB183'],1
Jane English,Arkansas,['SB294'],1
Janie Lopez,Texas,"[""HB1155'"", ""'HB1686'"", ""'HB23""]",3
Janince Bowling,Tennessee,"[""SB1440'"", ""'SB0001'"", ""'SB0003'"", ""'SB0005""]",4
Janne Myrdal,North Dakota,"[""HB1249'"", ""'HB1254'"", ""'HB1297'"", ""'HB1489""]",4
Jared Olsen,Wyoming,"[""SF0111'"", ""'SF0159""]",2
Jared Patterson,Texas,"[""HB1155'"", ""'HB1686'"", ""'HB23'"", ""'HB3164'"", ""'HB436'"", ""'HB643'"", ""'HB4961""]",7
Jaron Crane,Idaho,['H0071'],1
Jason Anavitarte,Georgia,['SB140'],1
Jason Ballard,Virginia,['HB1387'],1
Jason Barrett,Mississippi,['SB2760'],1
Jason Bean,Missouri,"[""SB39'"", ""'SB49""]",2
Jason Buckel,Maryland,['HB359'],1
Jason Elliott,South Carolina,['H3728'],1
Jason Petrie,Kentucky,"[""HB470'"", ""'HB177'"", ""'HB30""]",3
Jason Smith,US,['HB734'],1
Jason Zachary,Tennessee,"[""HB0001'"", ""'HB0009'"", ""'HB0878""]",3
Jay Dean,Texas,"[""HB1155'"", ""'HB1686'"", ""'HB23""]",3
Jay Edwards,Ohio,['HB68'],1
Jay Jacobs,Maryland,['HB359'],1
Jay Kilmartin,South Carolina,"[""H3197'"", ""'H3485'"", ""'H3551'"", ""'H3551""]",4
Jay Reedy,Tennessee,"[""HB0001'"", ""'HB0009'"", ""'HB0571""]",3
Jay Taylor,West Virginia,"[""SB692'"", ""'SB697""]",2
Jay Webber,New Jersey,['A3883'],1
Jean Schmidt,Ohio,['HB6'],1
Jeanette Ward,Wyoming,"[""SF0159'"", ""'SF0172""]",2
Jeanine Notter,New Hampshire,"[""HB396'"", ""'HB619""]",2
Jeb Bradley,New Hampshire,['SB272'],1
Jeff Cornilles,Idaho,['H0071'],1
Jeff Duncan,US,"[""HB429'"", ""'HB734'"", ""'HR115'"", ""'HB1399'"", ""'HB5""]",5
Jeff Ghrist,Maryland,['HB359'],1
Jeff Hale,Mississippi,['HB1127'],1
Jeff Hoverson,North Dakota,"[""HB1526'"", ""'HB1473""]",2
Jeff Howe,Minnesota,['SF933'],1
Jeff LaRe,Ohio,['HB6'],1
Jeff Leach,Texas,"[""HB1155'"", ""'HB1686'"", ""'HB23'"", ""'HB3502'"", ""'HB888""]",5
Jeff Raatz,Indiana,"[""HB1407'"", ""'HB1608'"", ""'SB0480'"", ""'SB0354""]",4
Jeff Reichman,Iowa,['SF83'],1
Jeff Shipley,Iowa,"[""HF2'"", ""'HF325""]",2
Jeff Tate,Mississippi,"[""SB2760'"", ""'SB2770""]",2
Jeff Taylor,Iowa,"[""SF83'"", ""'SF110""]",2
Jeff Van Drew,US,"[""HB216'"", ""'HB734'"", ""'HB5""]",3
Jeff Wardlaw,Arkansas,['SB294'],1
Jeffery Magrum,North Dakota,['HB1332'],1
Jeffrey Bradley,South Carolina,['H3728'],1
Jeffrey McNeely,North Carolina,['H43'],1
Jena Powell,Ohio,"[""HB68'"", ""'HB6""]",2
Jenifer Jones,New Mexico,['HM57'],1
Jennifer Branning,Mississippi,"[""SB2760'"", ""'SB2773""]",2
Jennifer Gross,Ohio,"[""HB68'"", ""'HB6""]",2
Jennifer Henson Decker,Kentucky,"[""HB470'"", ""'HB173'"", ""'HB177'"", ""'HB30""]",4
Jenniffer Gonzalez-Colon,US,['HB734'],1
Jenny Graham,Washington,['HB1233'],1
Jeremiah Moore,Arkansas,['SB294'],1
Jeremy England,Mississippi,['SB2760'],1
Jeremy Faison,Tennessee,"[""HB0001'"", ""'HB1269'"", ""'HB1447""]",3
Jeremy Haroldson,Wyoming,"[""SF0159'"", ""'SF0172'"", ""'SF0133""]",3
Jerome Moon,Tennessee,"[""HB0001'"", ""'HB0009'"", ""'HB0878""]",3
Jerry Carl,US,"[""HB734'"", ""'HB5""]",2
Jerry Darnell,Mississippi,['HB1127'],1
Jerry Turner,Mississippi,['HB1127'],1
Jesse Green,Iowa,"[""SF83'"", ""'SF110""]",2
Jessica Bahmuller,South Dakota,['HB1080'],1
Jessica Baker,Florida,['H1223'],1
Jessica Garvin,Oklahoma,"[""HB1449'"", ""'SB408""]",2
Jill Carter,Missouri,"[""SB39'"", ""'SB49'"", ""'SB164'"", ""'SB165'"", ""'SB429'"", ""'SB430'"", ""'SB436""]",7
Jill Ford,Mississippi,"[""HB1074'"", ""'HB1124'"", ""'HB509'"", ""'HB1125""]",4
Jim Banks,US,"[""HB1276'"", ""'HB734'"", ""'HR115'"", ""'HB1064'"", ""'HB1112'"", ""'HB5""]",6
Jim Bolin,South Dakota,['HB1080'],1
Jim Dotson,Arkansas,"[""SB294'"", ""'SB125""]",2
Jim Gooch,Kentucky,"[""HB470'"", ""'HB177'"", ""'HB30""]",3
Jim Hinebaugh,Maryland,['HB359'],1
Jim Kofalt,New Hampshire,['HB396'],1
Jim Mehlhaff,South Dakota,"[""HB1116'"", ""'HB1125""]",2
Jim Olsen,Oklahoma,"[""HB2186'"", ""'HB2177'"", ""'HB1011""]",3
Jim Perry,North Carolina,['S49'],1
Jim Petty,Arkansas,['SB294'],1
Jim Stalzer,South Dakota,"[""HB1125'"", ""'HB1080""]",2
Jim Thomas,Ohio,['HB6'],1
Jim Walsh,Washington,"[""HB1214'"", ""'HB1233""]",2
Jimmie Gazaway,Arkansas,['HB1615'],1
Joan Huffman,Texas,['SB15'],1
Joanna King,Indiana,"[""HB1569'"", ""'SB0480'"", ""'HB1346""]",3
Jody Arrington,US,['HB734'],1
Jody Barrett,Tennessee,"[""HB0009'"", ""'HB0239'"", ""'HB0878'"", ""'HB0571""]",4
Joe Alfieri,Idaho,['H0071'],1
Joe Hamm,Pennsylvania,['HB138'],1
Joe Hoxha,Connecticut,['HB06331'],1
Joe Pike,North Carolina,['H43'],1
Joe White,South Carolina,"[""H3485'"", ""'H3551'"", ""'H3551""]",3
Joe Wilson,US,['HB5'],1
Joel Carter,Mississippi,['SB2760'],1
Joel Fry,Iowa,['HF2'],1
Joel McEntire,Washington,['HB1233'],1
Joey Carr,Arkansas,['HB1468'],1
Joey Fillingane,Mississippi,['SB2760'],1
John Albers,Georgia,"[""SB140'"", ""'SB141'"", ""'SB88""]",3
John Andrews,Maine,['LD678'],1
John Bear,Wyoming,['SF0159'],1
John Block,New Mexico,"[""HB394'"", ""'HB490'"", ""'HB492""]",3
John Carr,Arkansas,['SB294'],1
John Carter,US,['HB734'],1
John Catalano,New Jersey,"[""A1418'"", ""'A1630""]",2
John Cosgrove,Virginia,['SB911'],1
John Crane,Indiana,['SB0480'],1
John Crawford,Tennessee,['HB0001'],1
John Curtis,US,['HB734'],1
John DiMaio,New Jersey,['A1418'],1
John Fuller,Montana,['SB99'],1
John Hodgson,Kentucky,"[""HB470'"", ""'HB173'"", ""'HB177'"", ""'HB30'"", ""'HB58""]",5
John Holsclaw,Tennessee,['HB0001'],1
John Johnson,Utah,['SB0283'],1
John Joyce,US,['HB5'],1
John Kavanagh,Arizona,"[""SB1001'"", ""'SB1026'"", ""'SB1040""]",3
John Kennedy,Georgia,['SB140'],1
John Kolb,Wyoming,['SF0133'],1
John Kuempel,Texas,"[""HB1686'"", ""'HB23""]",2
John Lamar,Mississippi,['HB1126'],1
John Lujan,Texas,"[""HB1155'"", ""'HB1686'"", ""'HB23'"", ""'HB3164""]",4
John Maddox,Arkansas,['SB294'],1
John McGuire,Virginia,"[""HB1387'"", ""'HB2432""]",2
John Mccravy,South Carolina,"[""H3728'"", ""'H3197'"", ""'H3485'"", ""'H3551'"", ""'H3551""]",5
John Mills,South Dakota,"[""HB1116'"", ""'HB1125'"", ""'HB1080""]",3
John Moolenaar,US,['HB5'],1
John Payton,Arkansas,"[""SB270'"", ""'SB294""]",2
John Prescott,Indiana,['HB1231'],1
John Ragan,Tennessee,"[""HB0001'"", ""'HB0009'"", ""'HB0030'"", ""'HB0878'"", ""'HB1378""]",5
John Raney,Texas,"[""HB1686'"", ""'HB23""]",2
John Rose,US,['HB734'],1
John Rutherford,US,['HB5'],1
John Schickel,Kentucky,['SB150'],1
John Sjaarda,South Dakota,"[""HB1116'"", ""'HB1125'"", ""'HB1208'"", ""'HB1080""]",4
John Smithee,Texas,"[""HB1686'"", ""'HB23""]",2
John Stevens,Tennessee,"[""SB1440'"", ""'SB0001'"", ""'SB0003""]",3
John West,South Carolina,['H3728'],1
John Wiik,South Dakota,['HB1080'],1
John Winter,Wyoming,['SF0144'],1
Johnnie Turner,Kentucky,['SB102'],1
Johnny Garrett,Tennessee,"[""HB0001'"", ""'HB0030""]",2
Johnny Rye,Arkansas,"[""SB294'"", ""'SB43'"", ""'HB1468""]",3
Jon Eubanks,Arkansas,['SB294'],1
Jon Hansen,South Dakota,"[""HB1116'"", ""'HB1125'"", ""'HB1080""]",3
Jon Lancaster,Mississippi,"[""HB1127'"", ""'HB456""]",2
Jon Milligan,Arkansas,"[""SB294'"", ""'HB1468'"", ""'HB1615""]",3
Jonathan Dismang,Arkansas,['SB294'],1
Jonathan Pinson,West Virginia,['HB2923'],1
Jordan Maynor,West Virginia,['HB2007'],1
Jordan Pace,South Carolina,"[""H3197'"", ""'H3485'"", ""'H3551'"", ""'H3551'"", ""'H3565'"", ""'H3616""]",6
Jordan Redman,Idaho,['H0071'],1
Joseph Bustos,South Carolina,['H3197'],1
Joseph Chaplik,Arizona,['HB2711'],1
Joseph D'Orsie,Pennsylvania,['HB138'],1
Joseph Fox,Michigan,"[""HB4195'"", ""'HB4257""]",2
Joseph Hensley,Tennessee,"[""SB0001'"", ""'SB0003'"", ""'SB0603'"", ""'SB0841'"", ""'SB1237'"", ""'SB1339""]",6
Joseph Pennacchio,New Jersey,['S585'],1
Joseph Seymour,Mississippi,"[""SB2760'"", ""'SB2765""]",2
Josh Bonner,Georgia,"[""SB140'"", ""'HB653""]",2
Josh Calloway,Kentucky,"[""HB470'"", ""'HB173'"", ""'HB177'"", ""'HB30'"", ""'HB58""]",5
Josh Hawley,US,['SB457'],1
Josh Miller,Arkansas,['HB1156'],1
Josh Williams,Ohio,['HB68'],1
Joshua Branscum,Kentucky,['HB177'],1
Joshua Bryant,Arkansas,"[""SB294'"", ""'SB43""]",2
Joshua Kimbrell,South Carolina,"[""S0234'"", ""'S0243'"", ""'S0623""]",3
Joshua Meggers,Iowa,['HF2'],1
Joyce Krawiec,North Carolina,['S49'],1
Juan Ciscomani,US,['HB734'],1
Judiciary,Idaho,['H0071'],1
Judiciary,Iowa,"[""HF622'"", ""'HF623""]",2
Judy Aron,New Hampshire,['HB396'],1
Judy Estenson,North Dakota,"[""HB1249'"", ""'HB1254'"", ""'HB1333'"", ""'HB1489""]",4
Julia Letlow,US,['HB5'],1
Julian Garrett,Iowa,['SF83'],1
Julianne Young,Idaho,['H0071'],1
Julie Auch,South Dakota,"[""HB1116'"", ""'HB1125'"", ""'HB1080""]",3
Julie Daniels,Oklahoma,"[""HB2546'"", ""'SB408'"", ""'SB613'"", ""'SB614""]",4
Julie Frye-Mueller,South Dakota,"[""HB1116'"", ""'HB1125'"", ""'HB1208'"", ""'HCR6008'"", ""'HB1080""]",5
Julie McGuire,Indiana,['HB1589'],1
Julie Pazina,Nevada,['SB302'],1
Justin Boyd,Arkansas,['SB294'],1
Justin Gonzales,Arkansas,['SB294'],1
Justin Heap,Arizona,['SB1694'],1
Justin Holland,Texas,"[""HB1686'"", ""'HB23""]",2
Justin Lafferty,Tennessee,['HB0571'],1
Justin Pearson,Tennessee,['HB1339'],1
Justin Sparks,Missouri,"[""HB1332'"", ""'HB1333'"", ""'HB540""]",3
Justine Wadsack,Arizona,"[""SB1694'"", ""'SB1700'"", ""'HB2312'"", ""'SB1698'"", ""'SB1702""]",5
Karen Anderson,North Dakota,"[""SB2199'"", ""'SB2199'"", ""'HCR3010""]",3
Karen Greenhalgh,Virginia,['HB1387'],1
Karen Karls,North Dakota,['SB2231'],1
Karen Rohr,North Dakota,"[""HB1332'"", ""'HB1254'"", ""'HB1297'"", ""'HCR3010""]",4
Karilyn Brown,Arkansas,"[""HB1156'"", ""'SB294""]",2
Karla Eslinger,Missouri,"[""SB39'"", ""'SB49""]",2
Karla Lems,South Dakota,"[""HB1116'"", ""'HB1125'"", ""'HB1080""]",3
Kat Cammack,US,"[""HB734'"", ""'HB5""]",2
Katherine Prudhomme-O'Brien,New Hampshire,['HB396'],1
Kathie Crouse,West Virginia,['HB3097'],1
Kathleen Kauth,Nebraska,"[""LB574'"", ""'LB575'"", ""'LB743""]",3
Kathy Byron,Virginia,['HB1387'],1
Kathy Chism,Mississippi,"[""SB2760'"", ""'SB2765'"", ""'SB2861'"", ""'SB2864""]",4
Kathy Frelich,North Dakota,['HB1333'],1
Kathy Landing,South Carolina,"[""H3728'"", ""'H3197'"", ""'H3551'"", ""'H3551""]",4
Kathy Szeliga,Maryland,['HB359'],1
Katie Boyd Britt,US,['SR53'],1
Katrina Smith,Maine,['LD678'],1
Katy Hall,Utah,['SB0016'],1
Kay Kirkpatrick,Georgia,['SB140'],1
Keith Ammon,New Hampshire,['HB396'],1
Keith Bell,Texas,"[""HB1686'"", ""'HB23""]",2
Keith Boehm,North Dakota,"[""HB1301'"", ""'HB1249'"", ""'HB1254'"", ""'HB1297'"", ""'HB1474""]",5
Keith Brooks,Arkansas,['SB294'],1
Keith Kidwell,North Carolina,['H43'],1
Keith Murphy,New Hampshire,['SB272'],1
Keith Perry,Florida,"[""S0254'"", ""'S1320'"", ""'S1674""]",3
Keith Self,US,['HB734'],1
Kelby Timmons,North Dakota,"[""HB1526'"", ""'HB1522""]",2
Kelly Hancock,Texas,['SB15'],1
Kelly Keisling,Tennessee,"[""HB0001'"", ""'HB0009'"", ""'HB0030""]",3
Ken Buck,US,['HB734'],1
Ken Calvert,US,['HB5'],1
Ken Fontenot,North Carolina,['H43'],1
Ken King,Texas,"[""HB1686'"", ""'HB23""]",2
Ken Morgan,Mississippi,['HB1127'],1
Ken Pendergraft,Wyoming,"[""HB0234'"", ""'SF0172""]",2
Ken Rozenboom,Iowa,['SF83'],1
Ken Upchurch,Kentucky,['HB470'],1
Ken Yager,Tennessee,"[""SB0001'"", ""'SB0003""]",2
Kendon Underwood,Arkansas,"[""SB294'"", ""'HB1615""]",2
Kenneth Davis,Maine,['LD678'],1
Kenny Wroten,Idaho,['H0071'],1
Kent Weston,North Dakota,"[""SB2199'"", ""'SB2199'"", ""'HB1522""]",3
Kerry Roberts,Tennessee,"[""SB1440'"", ""'SB0003""]",2
Kevin Alons,Iowa,"[""SF83'"", ""'SF110""]",2
Kevin Andrus,Idaho,['H0071'],1
Kevin Avard,New Hampshire,"[""HB396'"", ""'SB272""]",2
Kevin Blackwell,Mississippi,['SB2760'],1
Kevin Crutchfield,North Carolina,['H43'],1
Kevin Ford,Mississippi,['HB1127'],1
Kevin Hern,US,"[""HR115'"", ""'HB1399'"", ""'HB5""]",3
Kevin Hornberger,Maryland,['HB359'],1
Kevin Jackson,Kentucky,['HB30'],1
Kevin Jensen,South Dakota,"[""HB1116'"", ""'HB1125'"", ""'HB1080""]",3
Kevin Mannix,Oregon,['SB897'],1
Kevin McDugle,Oklahoma,['HB2186'],1
Kevin Miller,Ohio,"[""HB68'"", ""'HB6""]",2
Kevin Raper,Tennessee,"[""HB0001'"", ""'HB0009""]",2
Kevin Sparks,Texas,['SB15'],1
Kevin Verville,New Hampshire,['HB619'],1
Kevin West,Oklahoma,"[""HB2186'"", ""'SB129'"", ""'HB2177""]",3
Kim Hammer,Arkansas,"[""SB294'"", ""'SB43""]",2
Kim King,Kentucky,['HB470'],1
Kim Thatcher,Oregon,['SB897'],1
Kimberly Wallan,Oregon,['HB2477'],1
Kip Capley,Tennessee,"[""HB0001'"", ""'HB0009'"", ""'HB0239'"", ""'HB0030'"", ""'HB0878'"", ""'HB0571""]",6
Kirk Haston,Tennessee,"[""HB0001'"", ""'HB0009""]",2
Kris Jordan,Ohio,"[""HB68'"", ""'HB6""]",2
Kristin Robbins,Minnesota,['HF551'],1
Kronda Thimesch,Texas,"[""HB1686'"", ""'HB23'"", ""'HB3164""]",3
Kyle Kacal,Texas,"[""HB1686'"", ""'HB23""]",2
Lacey Hull,Texas,"[""HB1155'"", ""'HB1686'"", ""'HB23'"", ""'HB3164""]",4
Lance Clow,Idaho,['H0071'],1
Lance Gooden,US,"[""HB734'"", ""'HB1399'"", ""'HB5""]",3
Lane Allred,Wyoming,"[""SF0117'"", ""'SF0133""]",2
Larry Bellew,North Dakota,"[""HB1254'"", ""'HB1473""]",2
Larry Bucshon,US,['HB5'],1
Larry Hicks,Wyoming,['SF0172'],1
Larry Kump,West Virginia,['HB3176'],1
Larry Luick,North Dakota,"[""HB1254'"", ""'SB2231""]",2
Larry Walker,Georgia,['SB140'],1
Larry Zikmund,South Dakota,['HB1080'],1
Laurel Lee,US,['HB5'],1
Lauren Arikan,Maryland,['HB359'],1
Lauren Boebert,US,"[""HB734'"", ""'HB1112'"", ""'HB5'"", ""'HB985""]",4
Lawrence Grooms,South Carolina,"[""S0234'"", ""'S0424""]",2
Lawrence Klemin,North Dakota,['HB1333'],1
Lee Anderson,Georgia,"[""SB140'"", ""'SB141'"", ""'SB88""]",3
Lee Johnson,Arkansas,['SB294'],1
Lester Carpenter,Mississippi,['HB1127'],1
Lily Morgan,Oregon,['SB897'],1
Linda Rogers,Indiana,['SB0480'],1
Lindsay Patterson,Indiana,['HB1407'],1
Lindsey Graham,US,['SB200'],1
Lindsey Tichenor,Kentucky,"[""SB115'"", ""'SB150'"", ""'SB102""]",3
Lisa Barnes,North Carolina,['S49'],1
Lisa Frizell,Colorado,['HB1098'],1
Lisa Keim,Maine,['LD678'],1
Lisa McClain,US,['HB736'],1
Lisa Meier,North Dakota,"[""HB1249'"", ""'HB1489'"", ""'HCR3010""]",3
Liz Harris,Arizona,['HB2312'],1
Lloyd Smucker,US,['HB5'],1
Lois Kolkhorst,Texas,"[""SB476'"", ""'SB625'"", ""'SB649'"", ""'SB14'"", ""'SB15""]",5
Lori Chavez-DeRemer,US,"[""HB734'"", ""'HB5""]",2
Lori VanWinkle,North Dakota,"[""HB1301'"", ""'HB1249'"", ""'HB1254'"", ""'HB1297'"", ""'HB1333'"", ""'HB1473'"", ""'HB1489'"", ""'HB1522'"", ""'HCR3010""]",9
Lorissa Sweet,Indiana,['HB1118'],1
Lowell Russell,Tennessee,['HB0571'],1
Luke Meerman,Michigan,['HB4257'],1
Lupe Diaz,Arizona,['HB2312'],1
Lydia Chassaniol,Mississippi,['SB2760'],1
Lynn Evans,Iowa,"[""SF83'"", ""'SF110""]",2
Lynn Findley,Oregon,"[""SB452'"", ""'SB453'"", ""'SB897""]",3
Lynn Hutchings,Wyoming,"[""SF0144'"", ""'SF0159'"", ""'SF0172'"", ""'SF0133""]",4
Lynn Stucky,Texas,"[""HB1686'"", ""'HB23""]",2
Mano DeAyala,Texas,"[""HB1686'"", ""'HB23""]",2
Marco Rubio,US,"[""SB187'"", ""'SB200'"", ""'SB435'"", ""'SB635'"", ""'SR53""]",5
Marcus Molinaro,US,['HB5'],1
Marcus Richmond,Arkansas,"[""SB294'"", ""'HB1468'"", ""'HB1615""]",3
Marianne Proctor,Kentucky,"[""HB470'"", ""'HB173'"", ""'HB177'"", ""'HB30'"", ""'HB58""]",5
Mariannette Miller-Meeks,US,"[""HB734'"", ""'HB5""]",2
Marie March,Virginia,"[""HB1387'"", ""'HB1399'"", ""'HB2432""]",3
Marilyn John,Ohio,['HB68'],1
Marilyn Stark,Oklahoma,['HB1449'],1
Mario Diaz-Balart,US,['HB5'],1
Marjorie Greene,US,"[""HB1399'"", ""'HB5""]",2
Mark Amodei,US,['HB5'],1
Mark Cochran,Tennessee,"[""HB0001'"", ""'HB0009'"", ""'HB1269'"", ""'HB0030""]",4
Mark Dorazio,Texas,"[""HB1155'"", ""'HB1686'"", ""'HB23'"", ""'HB3164'"", ""'HB888""]",5
Mark Duncan,New Mexico,"[""HB394'"", ""'HB492""]",2
Mark Fisher,Maryland,['HB359'],1
Mark Green,US,"[""HB734'"", ""'HB5""]",2
Mark Hart,Kentucky,"[""HB173'"", ""'HB177""]",2
Mark Higley,Vermont,['H0183'],1
Mark Jennings,Wyoming,"[""HB0234'"", ""'SF0111'"", ""'SF0159'"", ""'SF0172'"", ""'SF0133""]",5
Mark Johnson,Arkansas,"[""SB270'"", ""'SB294'"", ""'HB1468""]",3
Mark Johnson,Ohio,"[""HB68'"", ""'HB6""]",2
Mark Lepak,Oklahoma,"[""HB2546'"", ""'HB2340""]",2
Mark Lofgren,Iowa,['SF83'],1
Mark Maynard,West Virginia,"[""SB103'"", ""'SB252'"", ""'SB517'"", ""'SB692'"", ""'SB697""]",5
Mark McBride,Oklahoma,['HB2546'],1
Mark Messmer,Indiana,['SB0480'],1
Mark Newton,Georgia,['HB653'],1
Mark Peake,Virginia,"[""SB960'"", ""'SB962""]",2
Mark Pearson,New Hampshire,['HB396'],1
Mark Pody,Tennessee,"[""SB0003'"", ""'SB0596'"", ""'SB0620""]",3
Mark Ross,West Virginia,['HB3183'],1
Mark Steffen,Kansas,['SB12'],1
Mark Tullos,Mississippi,['HB1125'],1
Mark White,Tennessee,"[""HB0001'"", ""'HB0571""]",2
Mark Willis,South Carolina,"[""H3728'"", ""'H3485'"", ""'H3551'"", ""'H3551""]",4
Markwayne Mullin,US,['SB635'],1
Marsha Blackburn,US,['SB435'],1
Martha Lawley,Wyoming,"[""SF0111'"", ""'SF0133""]",2
Martin Carbaugh,Indiana,['HB1346'],1
Martin Graber,Iowa,['HF2'],1
Marty Harbin,Georgia,"[""SB140'"", ""'SB141'"", ""'SB88""]",3
Marty Overweg,South Dakota,"[""HB1116'"", ""'HB1125'"", ""'HB1080""]",3
Marvin Smith,South Carolina,"[""H3197'"", ""'H3485'"", ""'H3551'"", ""'H3551'"", ""'H3827""]",5
Mary Bentley,Arkansas,"[""HB1156'"", ""'SB199'"", ""'SB294'"", ""'SB43'"", ""'HB1468'"", ""'HB1615""]",6
Mary Coleman,Missouri,"[""SB39'"", ""'SB49'"", ""'SB377""]",3
Mary Imes,Kentucky,"[""HB470'"", ""'HB177""]",2
Mary Littleton,Tennessee,['HB0001'],1
Mary Miller,US,"[""HB734'"", ""'HB736'"", ""'HR115'"", ""'HB1112'"", ""'HB1399'"", ""'HB5""]",6
Matt Brass,Georgia,"[""SB140'"", ""'SB141'"", ""'SB88""]",3
Matt Brown,Arkansas,['SB294'],1
Matt Duffield,Arkansas,['SB294'],1
Matt Gaetz,US,"[""HB429'"", ""'HB734'"", ""'HB985""]",3
Matt Lockett,Kentucky,"[""HB470'"", ""'HB173'"", ""'HB177""]",3
Matt McKee,Arkansas,"[""SB294'"", ""'SB43""]",2
Matt Morgan,Maryland,['HB359'],1
Matt Rosendale,US,['HB1399'],1
Matt Schaefer,Texas,"[""HB1155'"", ""'HB1686'"", ""'HB23'"", ""'HB2722""]",4
Matt Stone,Arkansas,"[""SB270'"", ""'SB294'"", ""'SB43""]",3
Matt Windschitl,Iowa,['HF2'],1
Matthew Heilman,North Dakota,['SB2260'],1
Matthew Leber,South Carolina,"[""H3728'"", ""'H3197'"", ""'H3485'"", ""'H3551'"", ""'H3551'"", ""'H3616""]",6
Matthew Ruby,North Dakota,"[""HB1301'"", ""'HB1332'"", ""'HB1297""]",3
Matthew Shaheen,Texas,"[""HB1155'"", ""'HB1686'"", ""'HB23'"", ""'HB708'"", ""'HB888""]",5
Matthew Shepherd,Arkansas,['SB294'],1
Max Burns,Georgia,['SB141'],1
Max Miller,US,"[""HB734'"", ""'HB5""]",2
Mayes Middleton,Texas,"[""SB162'"", ""'SB649'"", ""'SB14'"", ""'SB15""]",4
Mazzie Boyd,Missouri,"[""HB463'"", ""'HB498""]",2
Melanie Miller,Ohio,"[""HB68'"", ""'HB6""]",2
Melanie Scheible,Nevada,['SB302'],1
Melanie Sojourner,Mississippi,"[""SB2760'"", ""'SB2861'"", ""'SB2864""]",3
Melissa Oremus,South Carolina,"[""H3197'"", ""'H3485'"", ""'H3551'"", ""'H3551""]",4
Michael Burgess,US,['HB5'],1
Michael Doherty,New Jersey,['S585'],1
Michael Gambrell,South Carolina,['S0332'],1
Michael Griffith,Maryland,['HB359'],1
Michael Guest,US,"[""HB734'"", ""'HR115'"", ""'HB5""]",3
Michael Hale,Tennessee,['HB0001'],1
Michael Hornby,West Virginia,['HB3503'],1
Michael Kennedy,Utah,['SB0016'],1
Michael Lawler,US,['HB5'],1
Michael Lazzara,North Carolina,['S49'],1
Michael Lee,North Carolina,['S49'],1
Michael McCaul,US,['HB5'],1
Michael McLendon,Mississippi,['SB2760'],1
Michael Motschenbacher,North Dakota,['HB1333'],1
Michael Petersen,Utah,"[""SB0283'"", ""'HB0228""]",2
Michael Pollock,Kentucky,"[""HB177'"", ""'HB30""]",2
Michael Soboleski,Maine,['LD678'],1
Michael Testa,New Jersey,"[""S585'"", ""'S589""]",2
Michael Waltz,US,"[""HB734'"", ""'HB5""]",2
Michael Young,Indiana,['SB0480'],1
Micheal Bergstrom,Oklahoma,"[""SB408'"", ""'SB613'"", ""'SB866""]",3
Michele Carringer,Tennessee,"[""HB0001'"", ""'HB0571""]",2
Michelle Davis,Indiana,"[""HB1608'"", ""'SB0480'"", ""'HB1220'"", ""'HB1232""]",4
Michelle Fischbach,US,['HB5'],1
Michelle Salzman,Florida,"[""H1069'"", ""'H1069""]",2
Michelle Steel,US,['HB5'],1
Michelle Strinden,North Dakota,['HB1139'],1
Mike Azinger,West Virginia,"[""SB252'"", ""'SB253'"", ""'SB278'"", ""'SB697""]",4
Mike Beltran,Florida,['H0991'],1
Mike Bost,US,"[""HB734'"", ""'HB5""]",2
Mike Braun,US,"[""SB435'"", ""'SB635""]",2
Mike Carey,US,['HB5'],1
Mike Cierpiot,Missouri,['SB14'],1
Mike Crapo,US,['SB200'],1
Mike Devault,West Virginia,"[""HB2007'"", ""'HB3176""]",2
Mike Dwyer,North Dakota,['HB1301'],1
Mike Ezell,US,"[""HB734'"", ""'HB5""]",2
Mike Garcia,US,['HB5'],1
Mike Gaskill,Indiana,['SB0480'],1
Mike Hoadley,Michigan,['HB4257'],1
Mike Johnson,US,"[""HB1276'"", ""'HB734'"", ""'HB5""]",3
Mike Kelly,US,['HB5'],1
Mike Kingsley,Idaho,['H0071'],1
Mike Lee,US,['SR53'],1
Mike Lefor,North Dakota,['HB1205'],1
Mike Moon,Missouri,"[""SB134'"", ""'SB39'"", ""'SB49'"", ""'SB48""]",4
Mike Sparks,Tennessee,"[""HB0001'"", ""'HB0009'"", ""'HB0571""]",3
Mike Stuart,West Virginia,['SB697'],1
Mike Thompson,Kansas,['SB12'],1
Mike Thompson,Mississippi,['SB2760'],1
Mike Volz,Washington,['HB1233'],1
Mike Vondran,Iowa,['HF2'],1
Mike Wilson,Kentucky,"[""SB115'"", ""'SB150""]",2
Mike Wobbema,North Dakota,"[""HB1489'"", ""'SB2260""]",2
Mindy McAlindon,Arkansas,"[""HB1156'"", ""'SB294'"", ""'SB43'"", ""'HB1468""]",4
Missy Irvin,Arkansas,"[""SB270'"", ""'SB294""]",2
Monica De La Cruz,US,['HB734'],1
Monica Robb Blasdel,Ohio,['HB68'],1
Monty Fritts,Tennessee,"[""HB0001'"", ""'HB0009'"", ""'HB0030'"", ""'HB0878'"", ""'HB1378""]",5
Morgan Griffith,US,['HB734'],1
Morgan Meyer,Texas,"[""HB1686'"", ""'HB23""]",2
Myron Dossett,Kentucky,['HB177'],1
Nancy Mace,US,"[""HB734'"", ""'HB5""]",2
Nancy Tate,Kentucky,"[""HB470'"", ""'HB173'"", ""'HB177'"", ""'HB30'"", ""'HB58""]",5
Natalie Zeleznikar,Minnesota,['HF551'],1
Nate Schatzline,Texas,"[""HB1155'"", ""'HB1266'"", ""'HB1532'"", ""'HB1686'"", ""'HB23'"", ""'HB4534""]",6
Nathan Dahm,Oklahoma,"[""SB613'"", ""'SB250'"", ""'SB251'"", ""'SB252""]",4
Nathan Toman,North Dakota,['HB1332'],1
Nathaniel Moran,US,"[""HB736'"", ""'HB5""]",2
Neal Dunn,US,"[""HB734'"", ""'HB736""]",2
Neal Pinnow,South Dakota,['HB1080'],1
Neil Friske,Michigan,['HB4257'],1
Neil Whaley,Mississippi,['SB2760'],1
Nicholas Freitas,Virginia,['HB1387'],1
Nicholas Langworthy,US,['HB5'],1
Nicholaus Kipke,Maryland,['HB359'],1
Nick Bain,Mississippi,['HB1125'],1
Nick LaLota,US,['HB734'],1
Nick Santucci,Ohio,['HB6'],1
Nick Schroer,Missouri,['SB49'],1
Nico Rios,North Dakota,['HB1526'],1
Nicole Malliotakis,US,['HB5'],1
Nikki McCarter,New Hampshire,['HB619'],1
Nino Mangione,Maryland,['HB359'],1
Norlin Mommsen,Iowa,['HF2'],1
Norman Sanderson,North Carolina,['S49'],1
Ogden Driskill,Wyoming,"[""SF0159'"", ""'SF0172""]",2
Pat Grassley,Iowa,['HF2'],1
Pat Marsh,Tennessee,['HB0001'],1
Pat McGeehan,West Virginia,['HB3503'],1
Patricia Rucker,West Virginia,['SB517'],1
Patricia Spearman,Nevada,['SB302'],1
Patrick Fallon,US,"[""HB734'"", ""'HB5""]",2
Patrick Flannery,Kentucky,"[""HB470'"", ""'HB177""]",2
Patrick Haddon,South Carolina,"[""H3728'"", ""'H3197'"", ""'H3485'"", ""'H3551'"", ""'H3551""]",5
Patti Anderson,Minnesota,['HF551'],1
Paul Bailey,Tennessee,"[""SB0001'"", ""'SB0003""]",2
Paul Bettencourt,Texas,"[""SB249'"", ""'SB14'"", ""'SB15""]",3
Paul Gosar,US,"[""HB429'"", ""'HB734'"", ""'HB1399""]",3
Paul Newton,North Carolina,['S49'],1
Paul Novotny,Minnesota,['HF551'],1
Paul Rose,Tennessee,"[""SB0001'"", ""'SB0003'"", ""'SB0466""]",3
Paul Schemel,Pennsylvania,['HB138'],1
Paul Sherrell,Tennessee,"[""HB0001'"", ""'HB0009'"", ""'HB0030""]",3
Peggy Mayfield,Indiana,['HB1569'],1
Peggy Scott,Minnesota,['HF551'],1
Pepper Ottman,Wyoming,"[""HB0234'"", ""'SF0111'"", ""'SF0172'"", ""'SF0133""]",4
Pete Stauber,US,"[""HB734'"", ""'HB5""]",2
Peter Flores,Texas,['SB15'],1
Phil Jensen,South Dakota,"[""HB1116'"", ""'HB1125'"", ""'HB1208'"", ""'HCR6008'"", ""'HB1080""]",5
Phil King,Texas,"[""SB649'"", ""'SB14'"", ""'SB15""]",3
Phil Plummer,Ohio,"[""HB68'"", ""'HB6""]",2
Philip Gunn,Mississippi,"[""HB1489'"", ""'HB1125""]",2
Philip Moran,Mississippi,['SB2760'],1
Phillip Lowe,South Carolina,['H3728'],1
Phillip Scott,Virginia,"[""HB1387'"", ""'HB1707""]",2
Phillip Wheeler,Kentucky,"[""SB115'"", ""'SB150""]",2
Price Wallace,Mississippi,['HB1127'],1
Public Health and Welfare,Kansas,['SB180'],1
RJ Hawk,Arkansas,['SB294'],1
Rachel Jones,Arizona,"[""SB1694'"", ""'SB1700'"", ""'HB2312'"", ""'SB1698'"", ""'SB1702""]",5
Rachel Plakon,Florida,"[""H1421'"", ""'H1521""]",2
Rachel Rodriguez-Williams,Wyoming,"[""SF0159'"", ""'SF0133""]",2
Rachelle Smit,Michigan,['HB4257'],1
Ralph Hise,North Carolina,['S49'],1
Ralph Massullo,Florida,"[""H1069'"", ""'H1069'"", ""'H1421""]",3
Ralph Norman,US,"[""HB1276'"", ""'HB429'"", ""'HR115'"", ""'HB1399'"", ""'HB5""]",5
Randall Patterson,Mississippi,['HB1125'],1
Randy Boyd,Mississippi,['HB1127'],1
Randy Bridges,Kentucky,"[""HB470'"", ""'HB177'"", ""'HB30""]",3
Randy Feenstra,US,"[""HB734'"", ""'HB5""]",2
Randy Fine,Florida,"[""H1223'"", ""'H1421""]",2
Randy Gross,South Dakota,"[""HB1116'"", ""'HB1125'"", ""'HB1080""]",3
Randy Lemm,North Dakota,['SB2260'],1
Randy Ligon,South Carolina,['H3485'],1
Randy McNally,Tennessee,['SB1339'],1
Randy Robertson,Georgia,"[""SB141'"", ""'SB88""]",2
Randy Smith,West Virginia,['SB697'],1
Randy Weber,US,"[""HB429'"", ""'HB734'"", ""'HR115'"", ""'HB1399""]",4
Raye Felder,South Carolina,['H3728'],1
Raymond Crews,Louisiana,['HB81'],1
Reagan Paul,Maine,['LD678'],1
Rebecca Alexander,Tennessee,['HB0001'],1
Rebecca Burkes,Arkansas,['SB294'],1
Rebecca Raymer,Kentucky,"[""HB470'"", ""'HB177""]",2
Rebecca Reimer,South Dakota,['HB1080'],1
Reggie Smith,Texas,"[""HB1155'"", ""'HB1686'"", ""'HB23'"", ""'HB3164""]",4
Reggie Stoltzfus,Ohio,"[""HB68'"", ""'HB6""]",2
Regina Birdsell,New Hampshire,['SB272'],1
Reuben Tarver,Wyoming,['SF0172'],1
Rex Rice,South Carolina,"[""S0234'"", ""'S0424""]",2
Rex Shipp,Utah,['HB0132'],1
Ric Metzgar,Maryland,['HB359'],1
Richard Hayes,Texas,"[""HB1686'"", ""'HB23'"", ""'HB3164""]",3
Richard Heath,Kentucky,"[""HB470'"", ""'HB177'"", ""'HB30""]",3
Richard Hudson,US,"[""HB734'"", ""'HB5""]",2
Richard McCormick,US,"[""HB734'"", ""'HB1399""]",2
Richard McGrew,Arkansas,['SB294'],1
Richard White,Kentucky,"[""HB177'"", ""'HB30""]",2
Richard Womack,Arkansas,['SB294'],1
Richard Yow,South Carolina,['H3485'],1
Rick Allen,US,"[""HB736'"", ""'HB5""]",2
Rick Beck,Arkansas,"[""SB294'"", ""'SB125""]",2
Rick Brattin,Missouri,"[""SB39'"", ""'SB49'"", ""'SB390'"", ""'SB42'"", ""'SB598""]",5
Rick Eldridge,Tennessee,"[""HB0001'"", ""'HB0009'"", ""'HB0571""]",3
Rick Girdler,Kentucky,"[""SB150'"", ""'SB102""]",2
Rick Hillenbrand,West Virginia,['HB3097'],1
Rick Jasperse,Georgia,['HB653'],1
Rick Lewis,Oregon,['SB897'],1
Rick McClure,Arkansas,"[""SB294'"", ""'HB1468""]",2
Rick Niemeyer,Indiana,['SB0480'],1
Rick Scott,US,['SB200'],1
Ricky Hill,Arkansas,"[""SB294'"", ""'SB43""]",2
Ricky Williams,Georgia,['SB140'],1
Riley Keaton,West Virginia,"[""HB3097'"", ""'HB3503""]",2
Riordan McClain,Ohio,['HB68'],1
Rob Harris,South Carolina,"[""H3728'"", ""'H3197'"", ""'H3485'"", ""'H3551'"", ""'H3551'"", ""'H3616""]",6
Rob Standridge,Oklahoma,"[""SB613'"", ""'SB786'"", ""'SB787'"", ""'SB788'"", ""'SB789""]",5
Robby Robbins,South Carolina,['H3197'],1
Robert Aderholt,US,"[""HB734'"", ""'HR115'"", ""'HB5""]",3
Robert Auth,New Jersey,"[""A1418'"", ""'A1630""]",2
Robert Duvall,Kentucky,['HB30'],1
Robert Good,US,"[""HB734'"", ""'HB1399""]",2
Robert Heaton,Indiana,"[""HB1407'"", ""'HB1608""]",2
Robert Henderson,Iowa,['HF2'],1
Robert Ide,Wyoming,"[""SF0144'"", ""'SF0172""]",2
Robert Karnes,West Virginia,"[""SB103'"", ""'SB253'"", ""'SB697""]",3
Robert Kauffman,Pennsylvania,['HB138'],1
Robert Leadbeter,Pennsylvania,['HB138'],1
Robert May,South Carolina,"[""H3485'"", ""'H3551'"", ""'H3551""]",3
Robert Mills,Kentucky,"[""SB150'"", ""'SB102""]",2
Robert Nichols,Texas,['SB15'],1
Robert Orrock,Virginia,['HB1707'],1
Robert Sampson,Connecticut,"[""SB00467'"", ""'SB00468'"", ""'SB00544""]",3
Robert Wittman,US,"[""HB734'"", ""'HB5""]",2
Robin Grammer,Maryland,['HB359'],1
Robin Lundstrum,Arkansas,"[""HB1156'"", ""'SB294'"", ""'SB43'"", ""'HB1468'"", ""'HB1615""]",5
Rochelle Nguyen,Nevada,['SB302'],1
Rocky De Witt,Iowa,"[""SF83'"", ""'SF110""]",2
Rod Bockenfeld,Colorado,['HB1092'],1
Rodney Creech,Ohio,"[""HB68'"", ""'HB6""]",2
Rodney Montoya,New Mexico,"[""HB394'"", ""'HB490'"", ""'HB492'"", ""'HM57""]",4
Roger Lynch,Arkansas,['SB294'],1
Roger Nutt,South Carolina,"[""H3197'"", ""'H3485'"", ""'H3551'"", ""'H3551""]",4
Roger Williams,US,['HB5'],1
Rollan Roberts,West Virginia,['SB103'],1
Ron Estes,US,"[""HB734'"", ""'HB5""]",2
Ron Ferguson,Ohio,['HB68'],1
Ron Gant,Tennessee,"[""HB0001'"", ""'HB0009""]",2
Ron Weinberg,Colorado,['HB1098'],1
Ronald Caldwell,Arkansas,['SB43'],1
Ronnie Campbell,Virginia,['HB1387'],1
Ronny Jackson,US,"[""HR115'"", ""'HB5""]",2
Roy Klopfenstein,Ohio,"[""HB68'"", ""'HB6""]",2
Roy Magnuson,South Carolina,"[""H3728'"", ""'H3197'"", ""'H3485'"", ""'H3551'"", ""'H3551'"", ""'H3616""]",6
Rudolph Yakym III,US,['HB734'],1
Rules,Alaska,"[""SB96'"", ""'HB105""]",2
Rules and Administration Committee,Idaho,['H0071'],1
Rush Bricken,Tennessee,['HB0001'],1
Russ Goodman,Georgia,['SB140'],1
Russell Webber,Kentucky,"[""HB470'"", ""'HB177'"", ""'HB30""]",3
Rusty Black,Missouri,"[""SB39'"", ""'SB49""]",2
Rusty Crowe,Tennessee,"[""SB0001'"", ""'SB0003""]",2
Rusty Grills,Tennessee,"[""HB0001'"", ""'HB0009'"", ""'HB0239'"", ""'HB0030'"", ""'HB0571""]",5
Ruth Ward,New Hampshire,['SB272'],1
Ryan Armagost,Colorado,['HB1098'],1
Ryan Berger,Wyoming,['SF0133'],1
Ryan Dotson,Kentucky,"[""HB470'"", ""'HB120'"", ""'HB173'"", ""'HB177'"", ""'HB30""]",5
Ryan Guillen,Texas,"[""HB1686'"", ""'HB23""]",2
Ryan Lauer,Indiana,"[""HB1231'"", ""'HB1232""]",2
Ryan Nawrocki,Maryland,['HB359'],1
Ryan Rose,Arkansas,"[""HB1156'"", ""'SB294'"", ""'SB43'"", ""'HB1468""]",4
Ryan Williams,Tennessee,"[""HB0001'"", ""'HB0009'"", ""'HB0030""]",3
Ryan Zinke,US,"[""HB1112'"", ""'HB5""]",2
Sabi Kumar,Tennessee,"[""HB0001'"", ""'HB0239""]",2
Sam Creekmore,Mississippi,['HB1127'],1
Sam Harless,Texas,"[""HB1686'"", ""'HB23""]",2
Sam Watson,Georgia,"[""SB140'"", ""'SB141""]",2
Sandy Crawford,Missouri,['SB49'],1
Sandy Salmon,Iowa,"[""SF159'"", ""'SF83'"", ""'SF110'"", ""'SF129'"", ""'SF348""]",5
Sara Carruthers,Ohio,['HB8'],1
Sarah Fowler Arthur,Ohio,['HB68'],1
Sarah Penn,Wyoming,['HB0234'],1
Savannah Maddox,Kentucky,"[""HB120'"", ""'HB177'"", ""'HB58""]",3
Scott Alexander,Indiana,['SB0480'],1
Scott Cepicky,Tennessee,"[""HB0001'"", ""'HB0009'"", ""'HB1215'"", ""'HB0878""]",4
Scott DeLano,Mississippi,['SB2760'],1
Scott DesJarlais,US,"[""HB734'"", ""'HB5""]",2
Scott Dyk,North Dakota,"[""HB1301'"", ""'HB1526'"", ""'HB1522'"", ""'SB2260""]",4
Scott Fitzgerald,US,"[""HB734'"", ""'HB5""]",2
Scott Flippo,Arkansas,"[""SB294'"", ""'SB43""]",2
Scott Franklin,US,['HB5'],1
Scott Heiner,Wyoming,"[""SF0111'"", ""'SF0144'"", ""'SF0159""]",3
Scott Louser,North Dakota,"[""HB1249'"", ""'HB1489""]",2
Scott Meyer,North Dakota,['SB2231'],1
Scott Moore,South Dakota,"[""HB1116'"", ""'HB1125'"", ""'HB1080""]",3
Scott Odenbach,South Dakota,"[""HB1116'"", ""'HB1125'"", ""'HB1080""]",3
Scott Richardson,Arkansas,"[""SB294'"", ""'SB43""]",2
Scott Sharp,Kentucky,"[""HB470'"", ""'HB177'"", ""'HB30""]",3
Scott Smith,Wyoming,['HB0234'],1
Scott Wiggam,Ohio,"[""HB68'"", ""'HB6""]",2
Scotty Campbell,Tennessee,"[""HB0001'"", ""'HB0009""]",2
Sean Bennett,South Carolina,['S0234'],1
Sean Kean,New Jersey,['A3883'],1
Shane Baker,Kentucky,"[""HB470'"", ""'HB173'"", ""'HB177'"", ""'HB30""]",4
Shane Hudella,Minnesota,['HF551'],1
Shane Jett,Oklahoma,"[""HB2186'"", ""'SB129'"", ""'SB408'"", ""'HB2177'"", ""'SB613'"", ""'SB1004'"", ""'SB1007'"", ""'SB1017'"", ""'SB878'"", ""'SB887'"", ""'SB932'"", ""'SB937'"", ""'SB973""]",13
Shane Mekeland,Minnesota,['HF551'],1
Shane Reeves,Tennessee,"[""SB0001'"", ""'SB0003""]",2
Shane Sirois,New Hampshire,['HB396'],1
Sharon Carson,New Hampshire,['SB272'],1
Shawn McPherson,Kentucky,"[""HB470'"", ""'HB177'"", ""'HB30""]",3
Shawn Still,Georgia,"[""SB140'"", ""'SB141'"", ""'SB88""]",3
Shawn Vedaa,North Dakota,"[""HB1301'"", ""'SB2199'"", ""'SB2199'"", ""'HB1254""]",4
Sheila Seidel,New Hampshire,"[""HB396'"", ""'HB619""]",2
Shelby Slawson,Texas,"[""HB1155'"", ""'HB1686'"", ""'HB23'"", ""'HB3164'"", ""'HB888""]",5
Shelley Frommeyer,Kentucky,"[""SB150'"", ""'SB102'"", ""'SB145""]",3
Shelly Boshart Davis,Oregon,['SB897'],1
Shelly Echols,Georgia,['SB141'],1
Sherrie Conley,Oklahoma,"[""HB1449'"", ""'HB2177""]",2
Skyler Wheeler,Iowa,['HF2'],1
Sonia Eubanks Barker,Arkansas,"[""HB1156'"", ""'SB294'"", ""'SB43""]",3
Sonny Borrelli,Arizona,['SB1694'],1
Spencer Roach,Florida,['H1223'],1
Stacey Donato,Indiana,"[""HB1407'"", ""'HB1569'"", ""'HB1608'"", ""'SB0480'"", ""'SB0487""]",5
Stacey Hobgood-Wilkes,Mississippi,"[""HB1144'"", ""'HB1476'"", ""'HB576""]",3
Stacy Jones,Wyoming,['SF0133'],1
Stan Gerdes,Texas,"[""HB1155'"", ""'HB1686'"", ""'HB23'"", ""'HB3164""]",4
Stan Kitzman,Texas,"[""HB1155'"", ""'HB1686'"", ""'HB23'"", ""'HB3164""]",4
Stan Lambert,Texas,['HB1686'],1
Stan McClain,Florida,"[""H1069'"", ""'H1069""]",2
State Affairs Committee,Idaho,"[""S1016'"", ""'S1003""]",2
Stephanie Bice,US,['HB5'],1
Stephanie Gricius,Utah,['SB0100'],1
Stephanie Klick,Texas,"[""HB1686'"", ""'HB23""]",2
Stephen Allison,Texas,"[""HB1686'"", ""'HB23""]",2
Stephen Meeks,Arkansas,['SB294'],1
Stephen Meredith,Kentucky,['SB150'],1
Stephenie Scialabba,Pennsylvania,['HB138'],1
Stetson Painter,Arkansas,['SB294'],1
Steve Bratcher,Kentucky,"[""HB470'"", ""'HB177""]",2
Steve Carra,Michigan,"[""HB4195'"", ""'HB4257""]",2
Steve Crowell,Arkansas,['SB294'],1
Steve Daines,US,"[""SB187'"", ""'SB635""]",2
Steve Demetriou,Ohio,"[""HB68'"", ""'HB6""]",2
Steve Gooch,Georgia,['SB141'],1
Steve Green,Minnesota,['SF311'],1
Steve Harshman,Wyoming,['SF0133'],1
Steve Hollowell,Arkansas,['SB294'],1
Steve Hopkins,Mississippi,['HB1125'],1
Steve Jarvis,North Carolina,['S49'],1
Steve Massengill,Mississippi,['HB456'],1
Steve Rawlings,Kentucky,"[""HB470'"", ""'HB173'"", ""'HB177'"", ""'HB30'"", ""'HB58""]",5
Steve Scalise,US,['HB5'],1
Steve Toth,Texas,"[""HB1155'"", ""'HB122'"", ""'HB1541'"", ""'HB1686'"", ""'HB1752'"", ""'HB1952'"", ""'HB23'"", ""'HB3164'"", ""'HB41'"", ""'HB631'"", ""'HB5236'"", ""'HB5256'"", ""'HB4378'"", ""'HB5235""]",14
Steve Tyson,North Carolina,['H43'],1
Steve Unger,Arkansas,"[""SB294'"", ""'HB1615""]",2
Steven Arentz,Maryland,['HB359'],1
Steven Bradley,Iowa,['HF2'],1
Steven Doan,Kentucky,"[""HB173'"", ""'HB177'"", ""'HB30""]",3
Steven Holt,Iowa,['HF2'],1
Steven Long,South Carolina,"[""H3728'"", ""'H3485'"", ""'H3551'"", ""'H3551""]",4
Steven Oroho,New Jersey,"[""S585'"", ""'S589""]",2
Steven Rudy,Kentucky,['HB470'],1
Stewart Jones,South Carolina,"[""H3728'"", ""'H3197'"", ""'H3485'"", ""'H3551'"", ""'H3551'"", ""'H3616'"", ""'H3730""]",7
Stuart Schmidt,Maryland,['HB359'],1
SuAnn Olson,North Dakota,"[""HB1139'"", ""'HB1473'"", ""'HB1474'"", ""'HB1489'"", ""'HCR3010""]",5
Sue Lucas-Peterson,South Dakota,['HB1080'],1
Susan Lynn,Tennessee,"[""HB0001'"", ""'HB0009'"", ""'HB0030'"", ""'HB0878""]",4
Susan Manchester,Ohio,"[""HB68'"", ""'HB6""]",2
Susan McComas,Maryland,['HB359'],1
Susan Tyler Witten,Kentucky,"[""HB173'"", ""'HB177""]",2
Sylleste Davis,South Carolina,"[""H3197'"", ""'H3551'"", ""'H3551'"", ""'H3827""]",4
Tamara Trujillo,Wyoming,['SF0133'],1
Tammy Nichols,Idaho,['H0071'],1
Tammy Schmersal-Burgess,Maine,['LD678'],1
Tammy Townley,Oklahoma,['HB1449'],1
Tan Parker,Texas,"[""SB1029'"", ""'SB249'"", ""'SB250'"", ""'SB625'"", ""'SB14'"", ""'SB15""]",6
Tandy Darby,Tennessee,['HB0001'],1
Tara Durant,Virginia,"[""HB1387'"", ""'HB1707'"", ""'HB2432""]",3
Taylor Collins,Iowa,['HF2'],1
Taylor Yarkosky,Florida,['H1265'],1
Ted Alexander,North Carolina,['S49'],1
Ted Budd,US,['SB435'],1
Ted Cruz,US,"[""SB457'"", ""'SB635'"", ""'SR53""]",3
Teresa Reilly,Maryland,['HB359'],1
Terri Leo-Wilson,Texas,"[""HB1155'"", ""'HB122'"", ""'HB1541'"", ""'HB1686'"", ""'HB1752'"", ""'HB23'"", ""'HB3164'"", ""'HB319'"", ""'HB631'"", ""'HB888""]",10
Terri Williams,Vermont,['H0183'],1
Terry Baker,Maryland,['HB359'],1
Terry O'Donnell,Oklahoma,"[""HB2546'"", ""'HB1011""]",2
Terry Rice,Arkansas,['SB43'],1
Terry Roy,New Hampshire,['HB619'],1
Terry Wilson,Texas,"[""HB122'"", ""'HB1686'"", ""'HB1752'"", ""'HB23'"", ""'HB3164'"", ""'HB319'"", ""'HB41""]",7
Thaddeus Claggett,Ohio,['HB68'],1
Theresa Manzella,Montana,['SB337'],1
Thomas Beach,South Carolina,"[""H3197'"", ""'H3485'"", ""'H3551'"", ""'H3551'"", ""'H3611'"", ""'H3616'"", ""'H3730""]",7
Thomas Davis,South Carolina,"[""S0234'"", ""'S0424""]",2
Thomas Gerhold,Iowa,['HF2'],1
Thomas Hall,Ohio,"[""HB68'"", ""'HB6""]",2
Thomas Huff,Kentucky,"[""HB173'"", ""'HB177'"", ""'HB30""]",3
Thomas Jeneary,Iowa,['HF2'],1
Thomas Jones,Pennsylvania,['HB138'],1
Thomas McInnis,North Carolina,['S49'],1
Thomas McKay,Alaska,['HB27'],1
Thomas Patton,Ohio,['HB68'],1
Thomas Pope,South Carolina,['H3485'],1
Thomas Wright,Virginia,['HB1387'],1
Tim Barhorst,Ohio,"[""HB68'"", ""'HB6""]",2
Tim French,Wyoming,"[""SF0144'"", ""'SF0172'"", ""'SF0133""]",3
Tim Hicks,Tennessee,['HB0001'],1
Tim Rudd,Tennessee,"[""HB0001'"", ""'HB1215'"", ""'HB0878'"", ""'HB0571""]",4
Tim Salazar,Wyoming,"[""SF0172'"", ""'SF0133""]",2
Tim Scott,US,['SB200'],1
Tim Walberg,US,"[""HB734'"", ""'HB736'"", ""'HB5""]",3
Timmy Truett,Kentucky,"[""HB470'"", ""'HB177'"", ""'HB30""]",3
Timothy Lang,New Hampshire,['SB272'],1
Timothy Moffitt,North Carolina,['S49'],1
Timothy Wesco,Indiana,"[""SB0480'"", ""'HB1346""]",2
Tina Mulally,South Dakota,"[""HB1116'"", ""'HB1125'"", ""'HB1080""]",3
Todd Beard,North Dakota,"[""HB1526'"", ""'HB1522""]",2
Todd Johnson,North Carolina,['S49'],1
Todd Jones,Georgia,['HB653'],1
Todd Kirby,West Virginia,"[""HB2007'"", ""'HB2998'"", ""'HB3001'"", ""'HB3503""]",4
Todd Longanacre,West Virginia,"[""HB3176'"", ""'HB3183'"", ""'HB3503""]",3
Todd Morgan,Maryland,['HB359'],1
Todd Warner,Tennessee,"[""HB0001'"", ""'HB0009'"", ""'HB0030""]",3
Todd Weiler,Utah,['SB0100'],1
Tom Cotton,US,['SB635'],1
Tom Craddick,Texas,['HB23'],1
Tom Emmer,US,['HB5'],1
Tom Fast,West Virginia,['HB3097'],1
Tom Gann,Oklahoma,"[""HB2186'"", ""'HB2177'"", ""'HB1377""]",3
Tom Hartnett,South Carolina,['H3197'],1
Tom Leatherwood,Tennessee,"[""HB0001'"", ""'HB0009""]",2
Tom McClintock,US,"[""HB734'"", ""'HB5""]",2
Tom Moore,Iowa,['HF2'],1
Tom Oliverson,Texas,"[""HB1155'"", ""'HB1686'"", ""'HB23'"", ""'HB319""]",4
Tom Pischke,South Dakota,"[""HB1116'"", ""'HB1125'"", ""'HB1208'"", ""'HCR6008'"", ""'HB1080""]",5
Tom Smith,Kentucky,"[""HB177'"", ""'HB30""]",2
Tom Tiffany,US,"[""HB734'"", ""'HB5""]",2
Tom Walters,Wyoming,['SF0111'],1
Tom Woods,Oklahoma,"[""SB129'"", ""'SB613""]",2
Tom Young,Ohio,"[""HB68'"", ""'HB6""]",2
Tomi Strock,Wyoming,['SF0111'],1
Tommy Tuberville,US,['SB435'],1
Toni Hasenbeck,Oklahoma,"[""HB1449'"", ""'SB408'"", ""'SB613""]",3
Tony Furman,Arkansas,['SB294'],1
Tony Luetkemeyer,Missouri,"[""SB39'"", ""'SB49'"", ""'SB29""]",3
Tony Randolph,South Dakota,"[""HB1116'"", ""'HB1125'"", ""'HB1080""]",3
Tony Tinderholt,Texas,"[""HB1686'"", ""'HB23'"", ""'HB4754""]",3
Tracey Mann,US,['HB5'],1
Tracy Cramer,Oregon,['HB2477'],1
Tracy Richardson,Ohio,['HB6'],1
Travis Clardy,Texas,"[""HB1686'"", ""'HB23""]",2
Travis Fitzwater,Missouri,"[""SB39'"", ""'SB49""]",2
Travis Moore,South Carolina,['H3485'],1
Trent Ashby,Texas,"[""HB1686'"", ""'HB23""]",2
Trent Kelly,US,['HB5'],1
Trish Ladner,South Dakota,['HB1080'],1
Troy Balderson,US,"[""HB734'"", ""'HB5""]",2
Troy McKeown,Wyoming,"[""SF0111'"", ""'SF0144'"", ""'SF0172'"", ""'SF0133""]",4
Troy Nehls,US,"[""HB1399'"", ""'HB5'"", ""'HB985""]",3
Ty Winter,Colorado,['HB1098'],1
Tyler Dees,Arkansas,"[""SB294'"", ""'SB43""]",2
Tyler Johnson,Indiana,['SB0480'],1
Tyler McCaughn,Mississippi,['SB2760'],1
Val Guest,South Carolina,"[""H3551'"", ""'H3551""]",2
Valoree Swanson,Texas,"[""HB1155'"", ""'HB1686'"", ""'HB23'"", ""'HB2862'"", ""'HB3147'"", ""'HB3164'"", ""'HB3213""]",7
Vern Buchanan,US,['HB5'],1
Vickie Sawyer,North Carolina,['S49'],1
Vicky Steiner,North Dakota,"[""HB1332'"", ""'HB1205'"", ""'HB1297'"", ""'HB1473'"", ""'HB1474'"", ""'HB1489'"", ""'HCR3010""]",7
Vince Deeds,West Virginia,['SB252'],1
Vince Mangold,Mississippi,['HB1127'],1
Virginia Foxx,US,"[""HB734'"", ""'HR115'"", ""'HB5""]",3
Virgle Osborne,Oregon,['SB897'],1
Vito Barbieri,Idaho,['H0071'],1
Wade Andrews,Arkansas,['SB294'],1
Wade Williams,Kentucky,"[""HB470'"", ""'HB177'"", ""'HB30""]",3
Walker Thomas,Kentucky,"[""HB470'"", ""'HB173'"", ""'HB177'"", ""'HB30""]",4
Wallace Jordan,South Carolina,['H3728'],1
Walter Hudson,Minnesota,"[""HF1903'"", ""'HF551""]",2
Walter Michel,Mississippi,['SB2760'],1
Warren Daniel,North Carolina,['S49'],1
Warren Davidson,US,['HB734'],1
Warren Hamilton,Oklahoma,"[""SB129'"", ""'SB408'"", ""'SB613'"", ""'SB131'"", ""'SB30'"", ""'SB345""]",6
Wayne Clark,West Virginia,['HB2007'],1
Wayne Harper,Utah,['HB0132'],1
Wayne Hartman,Maryland,['HB359'],1
Wayne Long,Arkansas,"[""HB1156'"", ""'SB43'"", ""'HB1468'"", ""'HB1615""]",4
Wendell Walker,Virginia,"[""HB1387'"", ""'HB2432""]",2
Wendy Davis Schuler,Wyoming,"[""HB0187'"", ""'SF0111'"", ""'SF0133""]",3
Werner Reschke,Oregon,['SB897'],1
Wesley Hunt,US,"[""HB734'"", ""'HB5""]",2
Weston Newton,South Carolina,['H3728'],1
William Arnold,Mississippi,"[""HB1127'"", ""'HB1125""]",2
William Chumley,South Carolina,"[""H3197'"", ""'H3485'"", ""'H3551'"", ""'H3551""]",4
William Eigel,Missouri,"[""SB49'"", ""'SB281'"", ""'SB497'"", ""'SB693""]",4
William Gannon,New Hampshire,['SB272'],1
William Henderson,Wyoming,['SF0133'],1
William Herbkersman,South Carolina,['H3728'],1
William Hewitt,South Carolina,['H3728'],1
William Hixon,South Carolina,['H3485'],1
William Lamberth,Tennessee,"[""HB0001'"", ""'HB0239'"", ""'HB1269""]",3
William Metcalf,Texas,"[""HB1155'"", ""'HB1686'"", ""'HB23'"", ""'HB3164'"", ""'HB631'"", ""'HB888""]",6
William Ridenour,West Virginia,['HB3183'],1
William Shorma,South Dakota,['HB1116'],1
William Slater,Tennessee,"[""HB0001'"", ""'HB0009'"", ""'HB0030'"", ""'HB0878""]",4
William Timmons,US,"[""HB734'"", ""'HB736""]",2
William Valentine,Maryland,['HB359'],1
William Wivell,Maryland,['HB359'],1
Wren Williams,Virginia,"[""HB1387'"", ""'HB1707'"", ""'HB2432""]",3
Zach Payne,Indiana,['HB1118'],1
Zachary Nunn,US,['HB5'],1
Zack Gramlich,Arkansas,['SB294'],1
committee for review of Administrative Rules,Wisconsin,['SB4'],1
