,State,Abbreviation,Number,URL,Bill ID,Doc ID,Bill Text
0,Alaska,AK,HB27,https://legiscan.com/AK/bill/HB27/2023,1646385,2626455.0,
1,Arizona,AZ,HB2312,https://legiscan.com/AZ/bill/HB2312/2023,1657170,2638623.0,
2,Arizona,AZ,HB2711,https://legiscan.com/AZ/bill/HB2711/2023,1696919,2684031.0,
3,Arizona,AZ,SB1001,https://legiscan.com/AZ/bill/SB1001/2023,1639597,2619652.0,
4,Arizona,AZ,SB1026,https://legiscan.com/AZ/bill/SB1026/2023,1644653,2624872.0,
5,Arizona,AZ,SB1028,https://legiscan.com/AZ/bill/SB1028/2023,1645174,2625288.0,
6,Arizona,AZ,SB1030,https://legiscan.com/AZ/bill/SB1030/2023,1644875,2625052.0,
7,Arizona,AZ,SB1040,https://legiscan.com/AZ/bill/SB1040/2023,1654000,2634300.0,
8,Arizona,AZ,SB1694,https://legiscan.com/AZ/bill/SB1694/2023,1686351,2670242.0,
9,Arizona,AZ,SB1698,https://legiscan.com/AZ/bill/SB1698/2023,1686310,2670201.0,
10,Arizona,AZ,SB1702,https://legiscan.com/AZ/bill/SB1702/2023,1686385,2670276.0,
11,Arkansas,AR,HB1156,https://legiscan.com/AR/bill/HB1156/2023,1662211,2644026.0,
12,Arkansas,AR,SB125,https://legiscan.com/AR/bill/SB125/2023,1680399,2663135.0,
13,Arkansas,AR,SB199,https://legiscan.com/AR/bill/SB199/2023,1696352,2683358.0,
14,Arkansas,AR,SB270,https://legiscan.com/AR/bill/SB270/2023,1708046,2699482.0,
15,Arkansas,AR,SB43,https://legiscan.com/AR/bill/SB43/2023,1646838,2626885.0,
16,Arkansas,AR,HB1468,https://legiscan.com/AR/bill/HB1468/2023,1715730,2709788.0,
17,Arkansas,AR,SB294,https://legiscan.com/AR/bill/SB294/2023,1715618,2709692.0,
18,Colorado,CO,HB1092,https://legiscan.com/CO/bill/HB1092/2023,1671149,2653125.0,
19,Colorado,CO,HB1098,https://legiscan.com/CO/bill/HB1098/2023,1676599,2659335.0,
20,Connecticut,CT,HB06213,https://legiscan.com/CT/bill/HB06213/2023,1667079,2652727.0,
21,Connecticut,CT,HB06331,https://legiscan.com/CT/bill/HB06331/2023,1670808,2652620.0,
22,Connecticut,CT,SB00467,https://legiscan.com/CT/bill/SB00467/2023,1664197,2645954.0,
23,Connecticut,CT,SB00468,https://legiscan.com/CT/bill/SB00468/2023,1664399,2646156.0,
24,Connecticut,CT,SB00544,https://legiscan.com/CT/bill/SB00544/2023,1662809,2644616.0,
25,Florida,FL,S0952,https://legiscan.com/FL/bill/S0952/2023,1714927,2708811.0,
26,Florida,FL,H0991,https://legiscan.com/FL/bill/H0991/2023,1716794,2711277.0,
27,Florida,FL,H1069,https://legiscan.com/FL/bill/H1069/2023,1718444,2713767.0,
28,Georgia,GA,SB140,https://legiscan.com/GA/bill/SB140/2023,1702876,2692273.0,
29,Georgia,GA,SB141,https://legiscan.com/GA/bill/SB141/2023,1702869,2692266.0,
30,Georgia,GA,SB88,https://legiscan.com/GA/bill/SB88/2023,1694010,2679859.0,
31,Hawaii,HI,HB291,https://legiscan.com/HI/bill/HB291/2023,1671078,2653052.0,
32,Hawaii,HI,HB508,https://legiscan.com/HI/bill/HB508/2023,1673977,2656302.0,
33,Hawaii,HI,HB509,https://legiscan.com/HI/bill/HB509/2023,1674028,2656360.0,
34,Hawaii,HI,HB891,https://legiscan.com/HI/bill/HB891/2023,1676530,2659263.0,
35,Hawaii,HI,SB1428,https://legiscan.com/HI/bill/SB1428/2023,1678920,2661585.0,
36,Hawaii,HI,SB1429,https://legiscan.com/HI/bill/SB1429/2023,1678936,2661599.0,
37,Idaho,ID,H0071,https://legiscan.com/ID/bill/H0071/2023,1692476,2677939.0,
38,Idaho,ID,S1003,https://legiscan.com/ID/bill/S1003/2023,1659883,2641772.0,
39,Idaho,ID,S1016,https://legiscan.com/ID/bill/S1016/2023,1673013,2655173.0,
40,Idaho,ID,S1100,https://legiscan.com/ID/bill/S1100/2023,1705651,2695974.0,
41,Illinois,IL,HB1562,https://legiscan.com/IL/bill/HB1562/2023,1685650,2669426.0,
42,Illinois,IL,SB1659,https://legiscan.com/IL/bill/SB1659/2023,1699553,2687762.0,
43,Indiana,IN,HB1118,https://legiscan.com/IN/bill/HB1118/2023,1649543,2629589.0,
44,Indiana,IN,HB1220,https://legiscan.com/IN/bill/HB1220/2023,1650061,2629962.0,
45,Indiana,IN,HB1231,https://legiscan.com/IN/bill/HB1231/2023,1650034,2629930.0,
46,Indiana,IN,HB1232,https://legiscan.com/IN/bill/HB1232/2023,1650067,2629969.0,
47,Indiana,IN,HB1346,https://legiscan.com/IN/bill/HB1346/2023,1660560,2642439.0,
48,Indiana,IN,HB1407,https://legiscan.com/IN/bill/HB1407/2023,1660515,2642392.0,
49,Indiana,IN,HB1525,https://legiscan.com/IN/bill/HB1525/2023,1671371,2653377.0,
50,Indiana,IN,HB1608,https://legiscan.com/IN/bill/HB1608/2023,1671425,2653437.0,
51,Indiana,IN,SB0354,https://legiscan.com/IN/bill/SB0354/2023,1655679,2636924.0,
52,Indiana,IN,SB0413,https://legiscan.com/IN/bill/SB0413/2023,1665406,2647183.0,
53,Indiana,IN,SB0480,https://legiscan.com/IN/bill/SB0480/2023,1671449,2653461.0,
54,Indiana,IN,SB0487,https://legiscan.com/IN/bill/SB0487/2023,1671534,2653548.0,
55,Indiana,IN,HB1569,https://legiscan.com/IN/bill/HB1569/2023,1671533,2653547.0,
56,Indiana,IN,HB1589,https://legiscan.com/IN/bill/HB1589/2023,1671517,2653531.0,
57,Iowa,IA,HF180,https://legiscan.com/IA/bill/HF180/2023,1689864,2674851.0,
58,Iowa,IA,HF180,https://legiscan.com/IA/bill/HF180/2023,1689864,2674851.0,
59,Iowa,IA,HF2,https://legiscan.com/IA/bill/HF2/2023,1652323,2632646.0,
60,Iowa,IA,HF8,https://legiscan.com/IA/bill/HF8/2023,1652433,2632752.0,
61,Iowa,IA,SF110,https://legiscan.com/IA/bill/SF110/2023,1675505,2658140.0,
62,Iowa,IA,SF129,https://legiscan.com/IA/bill/SF129/2023,1679538,2662201.0,
63,Iowa,IA,SF159,https://legiscan.com/IA/bill/SF159/2023,1683643,2666637.0,
64,Iowa,IA,SF83,https://legiscan.com/IA/bill/SF83/2023,1662343,2644152.0,
65,Iowa,IA,SF335,https://legiscan.com/IA/bill/SF335/2023,1715538,2709624.0,
66,Iowa,IA,SF348,https://legiscan.com/IA/bill/SF348/2023,1716093,2710463.0,
67,Iowa,IA,HF290,https://legiscan.com/IA/bill/HF290/2023,1706272,2697096.0,
68,Iowa,IA,HF325,https://legiscan.com/IA/bill/HF325/2023,1709280,2701048.0,
69,Kansas,KS,HB2238,https://legiscan.com/KS/bill/HB2238/2023,1688145,2672493.0,
70,Kansas,KS,HB2404,https://legiscan.com/KS/bill/HB2404/2023,1703141,2694153.0,
71,Kansas,KS,HB2427,https://legiscan.com/KS/bill/HB2427/2023,1710783,2703140.0,
72,Kansas,KS,SB12,https://legiscan.com/KS/bill/SB12/2023,1644117,2624321.0,
73,Kansas,KS,SB149,https://legiscan.com/KS/bill/SB149/2023,1693313,2680067.0,
74,Kansas,KS,SB180,https://legiscan.com/KS/bill/SB180/2023,1698406,2686001.0,
75,Kansas,KS,SB201,https://legiscan.com/KS/bill/SB201/2023,1698684,2686283.0,
76,Kansas,KS,SB207,https://legiscan.com/KS/bill/SB207/2023,1700859,2689339.0,
77,Kansas,KS,SB224,https://legiscan.com/KS/bill/SB224/2023,1702612,2691598.0,
78,Kansas,KS,SB233,https://legiscan.com/KS/bill/SB233/2023,1704027,2693547.0,
79,Kansas,KS,SB255,https://legiscan.com/KS/bill/SB255/2023,1709030,2700798.0,
80,Kansas,KS,HB2436,https://legiscan.com/KS/bill/HB2436/2023,1717961,2714525.0,
81,Kentucky,KY,HB120,https://legiscan.com/KY/bill/HB120/2023,1644187,2624382.0,
82,Kentucky,KY,HB173,https://legiscan.com/KY/bill/HB173/2023,1698754,2686660.0,
83,Kentucky,KY,HB177,https://legiscan.com/KY/bill/HB177/2023,1698847,2686760.0,
84,Kentucky,KY,HB30,https://legiscan.com/KY/bill/HB30/2023,1642113,2622424.0,
85,Kentucky,KY,HB58,https://legiscan.com/KY/bill/HB58/2023,1642138,2622445.0,
86,Kentucky,KY,SB102,https://legiscan.com/KY/bill/SB102/2023,1700889,2689368.0,
87,Kentucky,KY,SB115,https://legiscan.com/KY/bill/SB115/2023,1703927,2693447.0,
88,Kentucky,KY,SB150,https://legiscan.com/KY/bill/SB150/2023,1700608,2689108.0,
89,Kentucky,KY,HB470,https://legiscan.com/KY/bill/HB470/2023,1717460,2712257.0,
90,Kentucky,KY,HB585,https://legiscan.com/KY/bill/HB585/2023,1718825,2714150.0,
91,Maryland,MD,HB359,https://legiscan.com/MD/bill/HB359/2023,1681678,2665464.0,
92,Minnesota,MN,HF1903,https://legiscan.com/MN/bill/HF1903/2023,1710675,2703042.0,
93,Minnesota,MN,SF311,https://legiscan.com/MN/bill/SF311/2023,1659057,2640770.0,
94,Minnesota,MN,SF933,https://legiscan.com/MN/bill/SF933/2023,1684998,2668692.0,
95,Mississippi,MS,HB1074,https://legiscan.com/MS/bill/HB1074/2023,1668972,2650842.0,
96,Mississippi,MS,HB1099,https://legiscan.com/MS/bill/HB1099/2023,1669732,2651604.0,
97,Mississippi,MS,HB1124,https://legiscan.com/MS/bill/HB1124/2023,1668884,2650738.0,
98,Mississippi,MS,HB1125,https://legiscan.com/MS/bill/HB1125/2023,1668851,2650703.0,
99,Mississippi,MS,HB1126,https://legiscan.com/MS/bill/HB1126/2023,1669143,2651030.0,
100,Mississippi,MS,HB1127,https://legiscan.com/MS/bill/HB1127/2023,1668816,2650660.0,
101,Mississippi,MS,HB1144,https://legiscan.com/MS/bill/HB1144/2023,1670368,2654079.0,
102,Mississippi,MS,HB1258,https://legiscan.com/MS/bill/HB1258/2023,1672999,2655161.0,
103,Mississippi,MS,HB1476,https://legiscan.com/MS/bill/HB1476/2023,1682551,2665551.0,
104,Mississippi,MS,HB1480,https://legiscan.com/MS/bill/HB1480/2023,1682988,2665928.0,
105,Mississippi,MS,HB1489,https://legiscan.com/MS/bill/HB1489/2023,1682663,2665648.0,
106,Mississippi,MS,HB456,https://legiscan.com/MS/bill/HB456/2023,1657158,2638612.0,
107,Mississippi,MS,HB509,https://legiscan.com/MS/bill/HB509/2023,1658471,2640175.0,
108,Mississippi,MS,HB576,https://legiscan.com/MS/bill/HB576/2023,1660114,2641948.0,
109,Mississippi,MS,SB2076,https://legiscan.com/MS/bill/SB2076/2023,1649395,2629442.0,
110,Mississippi,MS,SB2760,https://legiscan.com/MS/bill/SB2760/2023,1672562,2654740.0,
111,Mississippi,MS,SB2763,https://legiscan.com/MS/bill/SB2763/2023,1672706,2654879.0,
112,Mississippi,MS,SB2764,https://legiscan.com/MS/bill/SB2764/2023,1673066,2655227.0,
113,Mississippi,MS,SB2765,https://legiscan.com/MS/bill/SB2765/2023,1672927,2655090.0,
114,Mississippi,MS,SB2770,https://legiscan.com/MS/bill/SB2770/2023,1673057,2655219.0,
115,Mississippi,MS,SB2773,https://legiscan.com/MS/bill/SB2773/2023,1672862,2655029.0,
116,Mississippi,MS,SB2820,https://legiscan.com/MS/bill/SB2820/2023,1673713,2655957.0,
117,Mississippi,MS,SB2861,https://legiscan.com/MS/bill/SB2861/2023,1673757,2656000.0,
118,Mississippi,MS,SB2864,https://legiscan.com/MS/bill/SB2864/2023,1673543,2655792.0,
119,Missouri,MO,HB137,https://legiscan.com/MO/bill/HB137/2023,1634716,2615085.0,
120,Missouri,MO,HB170,https://legiscan.com/MO/bill/HB170/2023,1634841,2615174.0,
121,Missouri,MO,HB183,https://legiscan.com/MO/bill/HB183/2023,1634572,2614977.0,
122,Missouri,MO,HB192,https://legiscan.com/MO/bill/HB192/2023,1634595,2614996.0,
123,Missouri,MO,HB337,https://legiscan.com/MO/bill/HB337/2023,1634768,2615234.0,
124,Missouri,MO,HB419,https://legiscan.com/MO/bill/HB419/2023,1640339,2620652.0,
125,Missouri,MO,HB463,https://legiscan.com/MO/bill/HB463/2023,1640281,2620606.0,
126,Missouri,MO,HB498,https://legiscan.com/MO/bill/HB498/2023,1640345,2620658.0,
127,Missouri,MO,HB540,https://legiscan.com/MO/bill/HB540/2023,1642575,2622929.0,
128,Missouri,MO,HB634,https://legiscan.com/MO/bill/HB634/2023,1642886,2623624.0,
129,Missouri,MO,HB916,https://legiscan.com/MO/bill/HB916/2023,1675866,2658485.0,
130,Missouri,MO,SB134,https://legiscan.com/MO/bill/SB134/2023,1634983,2631112.0,
131,Missouri,MO,SB14,https://legiscan.com/MO/bill/SB14/2023,1635044,2632034.0,
132,Missouri,MO,SB164,https://legiscan.com/MO/bill/SB164/2023,1635148,2632040.0,
133,Missouri,MO,SB165,https://legiscan.com/MO/bill/SB165/2023,1635152,2631290.0,
134,Missouri,MO,SB2,https://legiscan.com/MO/bill/SB2/2023,1635118,2631343.0,
135,Missouri,MO,SB236,https://legiscan.com/MO/bill/SB236/2023,1634951,2631144.0,
136,Missouri,MO,SB281,https://legiscan.com/MO/bill/SB281/2023,1635035,2631207.0,
137,Missouri,MO,SB29,https://legiscan.com/MO/bill/SB29/2023,1635010,2632030.0,
138,Missouri,MO,SB377,https://legiscan.com/MO/bill/SB377/2023,1640406,2632039.0,
139,Missouri,MO,SB39,https://legiscan.com/MO/bill/SB39/2023,1635120,2632051.0,
140,Missouri,MO,SB390,https://legiscan.com/MO/bill/SB390/2023,1640400,2631186.0,
141,Missouri,MO,SB42,https://legiscan.com/MO/bill/SB42/2023,1634897,2631273.0,
142,Missouri,MO,SB429,https://legiscan.com/MO/bill/SB429/2023,1642746,2631203.0,
143,Missouri,MO,SB430,https://legiscan.com/MO/bill/SB430/2023,1642725,2632065.0,
144,Missouri,MO,SB436,https://legiscan.com/MO/bill/SB436/2023,1642710,2632211.0,
145,Missouri,MO,SB48,https://legiscan.com/MO/bill/SB48/2023,1634938,2630465.0,
146,Missouri,MO,SB49,https://legiscan.com/MO/bill/SB49/2023,1635057,2631259.0,
147,Missouri,MO,SB497,https://legiscan.com/MO/bill/SB497/2023,1663442,2645221.0,
148,Missouri,MO,SB598,https://legiscan.com/MO/bill/SB598/2023,1696931,2684043.0,
149,Missouri,MO,SB87,https://legiscan.com/MO/bill/SB87/2023,1635076,2631313.0,
150,Missouri,MO,HB1157,https://legiscan.com/MO/bill/HB1157/2023,1706696,2699209.0,
151,Missouri,MO,HB1258,https://legiscan.com/MO/bill/HB1258/2023,1719285,2716421.0,
152,Montana,MT,HB234,https://legiscan.com/MT/bill/HB234/2023,1655847,2639304.0,
153,Montana,MT,HB303,https://legiscan.com/MT/bill/HB303/2023,1674726,2658675.0,
154,Montana,MT,HB359,https://legiscan.com/MT/bill/HB359/2023,1685019,2672749.0,
155,Montana,MT,HB361,https://legiscan.com/MT/bill/HB361/2023,1685027,2672027.0,
156,Montana,MT,SB99,https://legiscan.com/MT/bill/SB99/2023,1641379,2621731.0,
157,Montana,MT,SB413,https://legiscan.com/MT/bill/SB413/2023,1715495,2709440.0,
158,Montana,MT,SB458,https://legiscan.com/MT/bill/SB458/2023,1717719,2712718.0,
159,Nebraska,NE,LB371,https://legiscan.com/NE/bill/LB371/2023,1656195,2637365.0,
160,Nebraska,NE,LB574,https://legiscan.com/NE/bill/LB574/2023,1662540,2644341.0,
161,Nebraska,NE,LB575,https://legiscan.com/NE/bill/LB575/2023,1662403,2644208.0,
162,Nebraska,NE,LB743,https://legiscan.com/NE/bill/LB743/2023,1665462,2647320.0,
163,Nebraska,NE,LB810,https://legiscan.com/NE/bill/LB810/2023,1665899,2647729.0,
164,New Hampshire,NH,HB396,https://legiscan.com/NH/bill/HB396/2023,1646387,2629610.0,
165,New Hampshire,NH,HB619,https://legiscan.com/NH/bill/HB619/2023,1654313,2637539.0,
166,New Hampshire,NH,HB417,https://legiscan.com/NH/bill/HB417/2023,1647575,2631205.0,
167,New Hampshire,NH,SB272,https://legiscan.com/NH/bill/SB272/2023,1713421,2706779.0,
168,New Jersey,NJ,A1418,https://legiscan.com/NJ/bill/A1418/2022,1556738,2476192.0,
169,New Jersey,NJ,A1630,https://legiscan.com/NJ/bill/A1630/2022,1556249,2475723.0,
170,New Jersey,NJ,A3883,https://legiscan.com/NJ/bill/A3883/2022,1618257,2582134.0,
171,New Jersey,NJ,A4042,https://legiscan.com/NJ/bill/A4042/2022,1620334,2585341.0,
172,New Jersey,NJ,S2648,https://legiscan.com/NJ/bill/S2648/2022,1620141,2585072.0,
173,New Jersey,NJ,S3076,https://legiscan.com/NJ/bill/S3076/2022,1629544,2608596.0,
174,New Jersey,NJ,S585,https://legiscan.com/NJ/bill/S585/2022,1556910,2476357.0,
175,New Jersey,NJ,S589,https://legiscan.com/NJ/bill/S589/2022,1555547,2475045.0,
176,New Mexico,NM,HB394,https://legiscan.com/NM/bill/HB394/2023,1705756,2696257.0,
177,New Mexico,NM,HB490,https://legiscan.com/NM/bill/HB490/2023,1711574,2704087.0,
178,New Mexico,NM,HB492,https://legiscan.com/NM/bill/HB492/2023,1711311,2703822.0,
179,New Mexico,NM,HM57,https://legiscan.com/NM/bill/HM57/2023,1714178,2707664.0,
180,North Carolina,NC,H43,https://legiscan.com/NC/bill/H43/2023,1690331,2675354.0,
181,North Carolina,NC,S49,https://legiscan.com/NC/bill/S49/2023,1688121,2672469.0,
182,North Dakota,ND,HB1139,https://legiscan.com/ND/bill/HB1139/2023,1644388,2624571.0,
183,North Dakota,ND,HB1205,https://legiscan.com/ND/bill/HB1205/2023,1649131,2629181.0,
184,North Dakota,ND,HB1249,https://legiscan.com/ND/bill/HB1249/2023,1650901,2630764.0,
185,North Dakota,ND,HB1254,https://legiscan.com/ND/bill/HB1254/2023,1651568,2631565.0,
186,North Dakota,ND,HB1297,https://legiscan.com/ND/bill/HB1297/2023,1655021,2635516.0,
187,North Dakota,ND,HB1301,https://legiscan.com/ND/bill/HB1301/2023,1655211,2635707.0,
188,North Dakota,ND,HB1332,https://legiscan.com/ND/bill/HB1332/2023,1655053,2635547.0,
189,North Dakota,ND,HB1473,https://legiscan.com/ND/bill/HB1473/2023,1667233,2648953.0,
190,North Dakota,ND,HB1474,https://legiscan.com/ND/bill/HB1474/2023,1667317,2649028.0,
191,North Dakota,ND,HB1489,https://legiscan.com/ND/bill/HB1489/2023,1666321,2648162.0,
192,North Dakota,ND,HB1522,https://legiscan.com/ND/bill/HB1522/2023,1667150,2648880.0,
193,North Dakota,ND,HB1526,https://legiscan.com/ND/bill/HB1526/2023,1666310,2648154.0,
194,North Dakota,ND,HCR3010,https://legiscan.com/ND/bill/HCR3010/2023,1683622,2666618.0,
195,North Dakota,ND,SB2199,https://legiscan.com/ND/bill/SB2199/2023,1650518,2630511.0,
196,North Dakota,ND,SB2199,https://legiscan.com/ND/bill/SB2199/2023,1650518,2630511.0,
197,North Dakota,ND,SB2231,https://legiscan.com/ND/bill/SB2231/2023,1656291,2637596.0,
198,Oklahoma,OK,HB1011,https://legiscan.com/OK/bill/HB1011/2023,1634447,2614865.0,
199,Oklahoma,OK,HB1377,https://legiscan.com/OK/bill/HB1377/2023,1663548,2645325.0,
200,Oklahoma,OK,HB1466,https://legiscan.com/OK/bill/HB1466/2023,1665918,2647746.0,
201,Oklahoma,OK,HB1781,https://legiscan.com/OK/bill/HB1781/2023,1667200,2648922.0,
202,Oklahoma,OK,HB1947,https://legiscan.com/OK/bill/HB1947/2023,1668711,2650497.0,
203,Oklahoma,OK,HB2177,https://legiscan.com/OK/bill/HB2177/2023,1668929,2650792.0,
204,Oklahoma,OK,HB2186,https://legiscan.com/OK/bill/HB2186/2023,1669355,2651237.0,
205,Oklahoma,OK,HB2340,https://legiscan.com/OK/bill/HB2340/2023,1670840,2652648.0,
206,Oklahoma,OK,HB2546,https://legiscan.com/OK/bill/HB2546/2023,1670293,2652147.0,
207,Oklahoma,OK,HB2736,https://legiscan.com/OK/bill/HB2736/2023,1671157,2653134.0,
208,Oklahoma,OK,SB1004,https://legiscan.com/OK/bill/SB1004/2023,1669667,2651542.0,
209,Oklahoma,OK,SB1007,https://legiscan.com/OK/bill/SB1007/2023,1668811,2650656.0,
210,Oklahoma,OK,SB1017,https://legiscan.com/OK/bill/SB1017/2023,1670149,2652023.0,
211,Oklahoma,OK,SB129,https://legiscan.com/OK/bill/SB129/2023,1643087,2623314.0,
212,Oklahoma,OK,SB131,https://legiscan.com/OK/bill/SB131/2023,1642970,2623206.0,
213,Oklahoma,OK,SB250,https://legiscan.com/OK/bill/SB250/2023,1650616,2630576.0,
214,Oklahoma,OK,SB251,https://legiscan.com/OK/bill/SB251/2023,1651148,2630940.0,
215,Oklahoma,OK,SB252,https://legiscan.com/OK/bill/SB252/2023,1650695,2630625.0,
216,Oklahoma,OK,SB30,https://legiscan.com/OK/bill/SB30/2023,1638456,2618246.0,
217,Oklahoma,OK,SB345,https://legiscan.com/OK/bill/SB345/2023,1659340,2641047.0,
218,Oklahoma,OK,SB408,https://legiscan.com/OK/bill/SB408/2023,1659858,2641747.0,
219,Oklahoma,OK,SB613,https://legiscan.com/OK/bill/SB613/2023,1664606,2646388.0,
220,Oklahoma,OK,SB614,https://legiscan.com/OK/bill/SB614/2023,1664703,2646473.0,
221,Oklahoma,OK,SB786,https://legiscan.com/OK/bill/SB786/2023,1667753,2649454.0,
222,Oklahoma,OK,SB787,https://legiscan.com/OK/bill/SB787/2023,1667775,2649474.0,
223,Oklahoma,OK,SB788,https://legiscan.com/OK/bill/SB788/2023,1667591,2649307.0,
224,Oklahoma,OK,SB789,https://legiscan.com/OK/bill/SB789/2023,1667553,2649279.0,
225,Oklahoma,OK,SB866,https://legiscan.com/OK/bill/SB866/2023,1668562,2650351.0,
226,Oklahoma,OK,SB878,https://legiscan.com/OK/bill/SB878/2023,1668356,2650157.0,
227,Oklahoma,OK,SB887,https://legiscan.com/OK/bill/SB887/2023,1668512,2650306.0,
228,Oklahoma,OK,SB932,https://legiscan.com/OK/bill/SB932/2023,1668212,2650017.0,
229,Oklahoma,OK,SB937,https://legiscan.com/OK/bill/SB937/2023,1669660,2651535.0,
230,Oklahoma,OK,SB973,https://legiscan.com/OK/bill/SB973/2023,1669174,2651062.0,
231,Oklahoma,OK,HB1449,https://legiscan.com/OK/bill/HB1449/2023,1665893,2647723.0,
232,Oregon,OR,HB2044,https://legiscan.com/OR/bill/HB2044/2023,1648187,2628231.0,
233,Oregon,OR,HB2186,https://legiscan.com/OR/bill/HB2186/2023,1646803,2626850.0,
234,Oregon,OR,HB2477,https://legiscan.com/OR/bill/HB2477/2023,1646714,2626759.0,
235,Oregon,OR,HB3137,https://legiscan.com/OR/bill/HB3137/2023,1676571,2659307.0,
236,Oregon,OR,SB452,https://legiscan.com/OR/bill/SB452/2023,1647733,2627777.0,
237,Oregon,OR,SB453,https://legiscan.com/OR/bill/SB453/2023,1647416,2627461.0,
238,Oregon,OR,SB749,https://legiscan.com/OR/bill/SB749/2023,1660360,2642151.0,
239,Oregon,OR,SB897,https://legiscan.com/OR/bill/SB897/2023,1704562,2694711.0,
240,Rhode Island,RI,S0391,https://legiscan.com/RI/bill/S0391/2023,1713128,2706362.0,
241,South Carolina,SC,H3197,https://legiscan.com/SC/bill/H3197/2023,1637534,2617092.0,
242,South Carolina,SC,H3485,https://legiscan.com/SC/bill/H3485/2023,1637470,2617032.0,
243,South Carolina,SC,H3551,https://legiscan.com/SC/bill/H3551/2023,1638795,2618697.0,
244,South Carolina,SC,H3551,https://legiscan.com/SC/bill/H3551/2023,1638795,2618697.0,
245,South Carolina,SC,H3564,https://legiscan.com/SC/bill/H3564/2023,1638885,2618751.0,
246,South Carolina,SC,H3565,https://legiscan.com/SC/bill/H3565/2023,1638936,2618784.0,
247,South Carolina,SC,H3611,https://legiscan.com/SC/bill/H3611/2023,1654472,2634712.0,
248,South Carolina,SC,H3616,https://legiscan.com/SC/bill/H3616/2023,1654119,2634402.0,
249,South Carolina,SC,H3730,https://legiscan.com/SC/bill/H3730/2023,1665859,2647692.0,
250,South Carolina,SC,H3827,https://legiscan.com/SC/bill/H3827/2023,1682099,2665002.0,
251,South Carolina,SC,S0234,https://legiscan.com/SC/bill/S0234/2023,1635629,2615607.0,
252,South Carolina,SC,S0243,https://legiscan.com/SC/bill/S0243/2023,1635919,2615718.0,
253,South Carolina,SC,S0274,https://legiscan.com/SC/bill/S0274/2023,1637125,2616404.0,
254,South Carolina,SC,S0276,https://legiscan.com/SC/bill/S0276/2023,1637159,2616773.0,
255,South Carolina,SC,S0332,https://legiscan.com/SC/bill/S0332/2023,1650765,2630671.0,
256,South Carolina,SC,S0364,https://legiscan.com/SC/bill/S0364/2023,1650877,2630747.0,
257,South Carolina,SC,S0424,https://legiscan.com/SC/bill/S0424/2023,1668734,2650584.0,
258,South Carolina,SC,H3728,https://legiscan.com/SC/bill/H3728/2023,1665907,2647736.0,
259,South Dakota,SD,HB1080,https://legiscan.com/SD/bill/HB1080/2023,1660616,2680361.0,
260,South Dakota,SD,HB1116,https://legiscan.com/SD/bill/HB1116/2023,1677342,2680431.0,
261,South Dakota,SD,HB1125,https://legiscan.com/SD/bill/HB1125/2023,1677723,2680278.0,
262,South Dakota,SD,HB1208,https://legiscan.com/SD/bill/HB1208/2023,1689363,2680733.0,
263,South Dakota,SD,HCR6008,https://legiscan.com/SD/bill/HCR6008/2023,1672467,2680358.0,
264,Tennessee,TN,HB0001,https://legiscan.com/TN/bill/HB0001/2023,1631977,2612107.0,
265,Tennessee,TN,HB0009,https://legiscan.com/TN/bill/HB0009/2023,1637133,2616412.0,
266,Tennessee,TN,HB0239,https://legiscan.com/TN/bill/HB0239/2023,1661869,2643702.0,
267,Tennessee,TN,HB0306,https://legiscan.com/TN/bill/HB0306/2023,1669292,2651177.0,
268,Tennessee,TN,HB0571,https://legiscan.com/TN/bill/HB0571/2023,1681124,2663974.0,
269,Tennessee,TN,HB0878,https://legiscan.com/TN/bill/HB0878/2023,1686636,2670622.0,
270,Tennessee,TN,HB1215,https://legiscan.com/TN/bill/HB1215/2023,1688331,2672679.0,
271,Tennessee,TN,HB1269,https://legiscan.com/TN/bill/HB1269/2023,1688211,2672556.0,
272,Tennessee,TN,HB1339,https://legiscan.com/TN/bill/HB1339/2023,1688082,2672432.0,
273,Tennessee,TN,HB1378,https://legiscan.com/TN/bill/HB1378/2023,1688001,2672341.0,
274,Tennessee,TN,HB1414,https://legiscan.com/TN/bill/HB1414/2023,1688214,2672559.0,
275,Tennessee,TN,SB0001,https://legiscan.com/TN/bill/SB0001/2023,1631978,2612108.0,
276,Tennessee,TN,SB0003,https://legiscan.com/TN/bill/SB0003/2023,1631974,2612104.0,
277,Tennessee,TN,SB0005,https://legiscan.com/TN/bill/SB0005/2023,1633360,2613440.0,
278,Tennessee,TN,SB0466,https://legiscan.com/TN/bill/SB0466/2023,1679613,2662269.0,
279,Tennessee,TN,SB0596,https://legiscan.com/TN/bill/SB0596/2023,1681989,2664909.0,
280,Tennessee,TN,SB0603,https://legiscan.com/TN/bill/SB0603/2023,1680965,2663819.0,
281,Tennessee,TN,SB0620,https://legiscan.com/TN/bill/SB0620/2023,1682053,2664963.0,
282,Tennessee,TN,SB1237,https://legiscan.com/TN/bill/SB1237/2023,1688754,2673341.0,
283,Tennessee,TN,SB1440,https://legiscan.com/TN/bill/SB1440/2023,1690945,2676142.0,
284,Texas,TX,HB1029,https://legiscan.com/TX/bill/HB1029/2023,1639196,2619429.0,
285,Texas,TX,HB1155,https://legiscan.com/TX/bill/HB1155/2023,1641417,2621766.0,
286,Texas,TX,HB122,https://legiscan.com/TX/bill/HB122/2023,1632554,2612692.0,
287,Texas,TX,HB1266,https://legiscan.com/TX/bill/HB1266/2023,1653418,2633719.0,
288,Texas,TX,HB1532,https://legiscan.com/TX/bill/HB1532/2023,1675498,2658134.0,
289,Texas,TX,HB1541,https://legiscan.com/TX/bill/HB1541/2023,1676235,2658911.0,
290,Texas,TX,HB1686,https://legiscan.com/TX/bill/HB1686/2023,1682140,2665036.0,
291,Texas,TX,HB1752,https://legiscan.com/TX/bill/HB1752/2023,1683641,2667131.0,
292,Texas,TX,HB1952,https://legiscan.com/TX/bill/HB1952/2023,1696022,2683056.0,
293,Texas,TX,HB2116,https://legiscan.com/TX/bill/HB2116/2023,1701690,2690579.0,
294,Texas,TX,HB23,https://legiscan.com/TX/bill/HB23/2023,1632709,2612832.0,
295,Texas,TX,HB319,https://legiscan.com/TX/bill/HB319/2023,1633160,2613242.0,
296,Texas,TX,HB41,https://legiscan.com/TX/bill/HB41/2023,1632603,2612736.0,
297,Texas,TX,HB42,https://legiscan.com/TX/bill/HB42/2023,1632625,2612753.0,
298,Texas,TX,HB436,https://legiscan.com/TX/bill/HB436/2023,1633139,2613223.0,
299,Texas,TX,HB631,https://legiscan.com/TX/bill/HB631/2023,1633284,2613783.0,
300,Texas,TX,HB643,https://legiscan.com/TX/bill/HB643/2023,1632815,2612929.0,
301,Texas,TX,HB672,https://legiscan.com/TX/bill/HB672/2023,1632618,2612747.0,
302,Texas,TX,HB708,https://legiscan.com/TX/bill/HB708/2023,1633387,2613468.0,
303,Texas,TX,HB776,https://legiscan.com/TX/bill/HB776/2023,1633823,2614101.0,
304,Texas,TX,HB888,https://legiscan.com/TX/bill/HB888/2023,1637198,2617444.0,
305,Texas,TX,SB1029,https://legiscan.com/TX/bill/SB1029/2023,1713329,2707852.0,
306,Texas,TX,SB162,https://legiscan.com/TX/bill/SB162/2023,1632730,2612852.0,
307,Texas,TX,SB249,https://legiscan.com/TX/bill/SB249/2023,1634103,2614453.0,
308,Texas,TX,SB250,https://legiscan.com/TX/bill/SB250/2023,1634122,2614466.0,
309,Texas,TX,SB393,https://legiscan.com/TX/bill/SB393/2023,1655824,2638282.0,
310,Texas,TX,SB476,https://legiscan.com/TX/bill/SB476/2023,1663682,2647122.0,
311,Texas,TX,SB625,https://legiscan.com/TX/bill/SB625/2023,1683132,2667117.0,
312,Texas,TX,SB649,https://legiscan.com/TX/bill/SB649/2023,1684606,2668117.0,
313,Texas,TX,SCR3,https://legiscan.com/TX/bill/SCR3/2023,1634117,2614462.0,
314,Texas,TX,SB1082,https://legiscan.com/TX/bill/SB1082/2023,1717754,2712752.0,
315,Texas,TX,HB2722,https://legiscan.com/TX/bill/HB2722/2023,1719589,2715565.0,
316,US,US,HB216,https://legiscan.com/US/bill/HB216/2023,1650772,2654610.0,
317,US,US,HB429,https://legiscan.com/US/bill/HB429/2023,1674808,2674746.0,
318,US,US,HR115,https://legiscan.com/US/bill/HR115/2023,1702925,2692544.0,
319,US,US,SB187,https://legiscan.com/US/bill/SB187/2023,1689600,2696929.0,
320,US,US,SR53,https://legiscan.com/US/bill/SR53/2023,1703088,2696872.0,
321,US,US,SB457,https://legiscan.com/US/bill/SB457/2023,1710145,,
322,US,US,HB734,https://legiscan.com/US/bill/HB734/2023,1691551,2713571.0,
323,Utah,UT,HB0132,https://legiscan.com/UT/bill/HB0132/2023,1640216,2620550.0,
324,Utah,UT,HB0228,https://legiscan.com/UT/bill/HB0228/2023,1663256,2645035.0,
325,Utah,UT,HB0329,https://legiscan.com/UT/bill/HB0329/2023,1685927,2669744.0,
326,Utah,UT,SB0016,https://legiscan.com/UT/bill/SB0016/2023,1639439,2619414.0,
327,Utah,UT,SB0093,https://legiscan.com/UT/bill/SB0093/2023,1655543,2636041.0,
328,Utah,UT,SB0100,https://legiscan.com/UT/bill/SB0100/2023,1660611,2642492.0,
329,Utah,UT,SB0283,https://legiscan.com/UT/bill/SB0283/2023,1719813,2715753.0,
330,Vermont,VT,H0183,https://legiscan.com/VT/bill/H0183/2023,1696021,2683055.0,
331,Virginia,VA,HB1387,https://legiscan.com/VA/bill/HB1387/2023,1633355,2613416.0,
332,Virginia,VA,HB1399,https://legiscan.com/VA/bill/HB1399/2023,1634331,2614708.0,
333,Virginia,VA,HB1707,https://legiscan.com/VA/bill/HB1707/2023,1648990,2629044.0,
334,Virginia,VA,HB2432,https://legiscan.com/VA/bill/HB2432/2023,1668262,2650066.0,
335,Virginia,VA,SB1186,https://legiscan.com/VA/bill/SB1186/2023,1651821,2631772.0,
336,Virginia,VA,SB1203,https://legiscan.com/VA/bill/SB1203/2023,1651270,2631317.0,
337,Virginia,VA,SB791,https://legiscan.com/VA/bill/SB791/2023,1634198,2614535.0,
338,Virginia,VA,SB911,https://legiscan.com/VA/bill/SB911/2023,1645224,2625328.0,
339,Virginia,VA,SB960,https://legiscan.com/VA/bill/SB960/2023,1645401,2625489.0,
340,Virginia,VA,SB962,https://legiscan.com/VA/bill/SB962/2023,1645539,2625607.0,
341,Washington,WA,HB1214,https://legiscan.com/WA/bill/HB1214/2023,1649602,2629675.0,
342,Washington,WA,HB1233,https://legiscan.com/WA/bill/HB1233/2023,1651385,2631417.0,
343,West Virginia,WV,HB2007,https://legiscan.com/WV/bill/HB2007/2023,1656233,2637391.0,
344,West Virginia,WV,HB2125,https://legiscan.com/WV/bill/HB2125/2023,1652949,2633247.0,
345,West Virginia,WV,HB2923,https://legiscan.com/WV/bill/HB2923/2023,1675099,2657743.0,
346,West Virginia,WV,HB2972,https://legiscan.com/WV/bill/HB2972/2023,1677516,2659944.0,
347,West Virginia,WV,HB2998,https://legiscan.com/WV/bill/HB2998/2023,1677244,2659710.0,
348,West Virginia,WV,HB3001,https://legiscan.com/WV/bill/HB3001/2023,1677283,2659743.0,
349,West Virginia,WV,HB3097,https://legiscan.com/WV/bill/HB3097/2023,1684087,2667500.0,
350,West Virginia,WV,HB3176,https://legiscan.com/WV/bill/HB3176/2023,1687773,2671824.0,
351,West Virginia,WV,HB3183,https://legiscan.com/WV/bill/HB3183/2023,1687837,2671885.0,
352,West Virginia,WV,SB103,https://legiscan.com/WV/bill/SB103/2023,1654276,2634541.0,
353,West Virginia,WV,SB252,https://legiscan.com/WV/bill/SB252/2023,1660627,2642505.0,
354,West Virginia,WV,SB278,https://legiscan.com/WV/bill/SB278/2023,1665023,2647262.0,
355,West Virginia,WV,SB517,https://legiscan.com/WV/bill/SB517/2023,1685161,2668954.0,
356,West Virginia,WV,SB692,https://legiscan.com/WV/bill/SB692/2023,1715006,2708885.0,
357,West Virginia,WV,SB697,https://legiscan.com/WV/bill/SB697/2023,1714924,2708808.0,
358,Wisconsin,WI,SB4,https://legiscan.com/WI/bill/SB4/2023,1684388,2667885.0,
359,Wyoming,WY,HB0187,https://legiscan.com/WY/bill/HB0187/2023,1665849,2647682.0,
360,Wyoming,WY,HB0234,https://legiscan.com/WY/bill/HB0234/2023,1678759,2661428.0,
361,Wyoming,WY,SF0111,https://legiscan.com/WY/bill/SF0111/2023,1657238,2638685.0,
362,Wyoming,WY,SF0117,https://legiscan.com/WY/bill/SF0117/2023,1659337,2641044.0,
363,Wyoming,WY,SF0133,https://legiscan.com/WY/bill/SF0133/2023,1664608,2646389.0,
364,Wyoming,WY,SF0144,https://legiscan.com/WY/bill/SF0144/2023,1672878,2655044.0,
365,Wyoming,WY,SF0159,https://legiscan.com/WY/bill/SF0159/2023,1676316,2658991.0,
